/*
 * Startup animation frames copied from the user-provided BNZ main.c.
 * Only the image data is retained; the original STM32/I2C/delay logic is not used.
 * Format: 30 frames, each 64x64 pixels, 8 pixels per row byte, MSB first.
 */
#ifndef INTEGRATED_42688_ENCODER_STARTUP_CAT_H_
#define INTEGRATED_42688_ENCODER_STARTUP_CAT_H_

#include <stdint.h>

#define STARTUP_CAT_FRAME_WIDTH   (64U)
#define STARTUP_CAT_FRAME_HEIGHT  (64U)
#define STARTUP_CAT_FRAME_BYTES   (512U)
#define STARTUP_CAT_FRAME_COUNT   (30U)

static const uint8_t g_startup_cat_frames[STARTUP_CAT_FRAME_COUNT][STARTUP_CAT_FRAME_BYTES] = {
    { /* frame-1 */
        0x00, 0x00, 0x00, 0x00, 0x00, 0x00, 0x00, 0x00, 0x00, 0x00, 0x00, 0x00, 0x00, 0x00, 0x00, 0x00,
        0x00, 0x00, 0x00, 0x00, 0x00, 0x00, 0x00, 0x00, 0x00, 0x00, 0x3C, 0x00, 0x00, 0x00, 0x00, 0x00,
        0x00, 0x00, 0xFE, 0x00, 0x00, 0x00, 0x00, 0x00, 0x00, 0x01, 0xE6, 0x00, 0x00, 0x00, 0x00, 0x00,
        0x00, 0x01, 0xC7, 0x00, 0x00, 0x0F, 0xC0, 0x00, 0x00, 0x03, 0x83, 0x00, 0x00, 0x3F, 0xC0, 0x00,
        0x00, 0x07, 0x03, 0xFF, 0xC0, 0xF8, 0xE0, 0x00, 0x00, 0x06, 0x03, 0xFF, 0xFF, 0xE0, 0xE0, 0x00,
        0x00, 0x0E, 0x00, 0x01, 0xFF, 0x80, 0xE0, 0x00, 0x00, 0x0C, 0x00, 0x00, 0x00, 0x00, 0xE0, 0x00,
        0x00, 0x1C, 0x00, 0x00, 0x00, 0x00, 0xC0, 0x00, 0x00, 0x38, 0x00, 0x00, 0x00, 0x00, 0xC0, 0x00,
        0x00, 0x70, 0x00, 0x00, 0x00, 0x00, 0xC0, 0x00, 0x01, 0xE0, 0x00, 0x00, 0x00, 0x00, 0xE0, 0x00,
        0x03, 0xC0, 0x00, 0x00, 0x00, 0x00, 0x60, 0x00, 0x07, 0x80, 0x08, 0x00, 0x00, 0x00, 0x70, 0x00,
        0x0F, 0x00, 0x1C, 0x00, 0x00, 0x00, 0x38, 0x00, 0x0E, 0x00, 0x1C, 0x00, 0x18, 0x00, 0x18, 0x00,
        0x1C, 0x00, 0x1C, 0x00, 0x1C, 0x00, 0x1C, 0x00, 0x00, 0x00, 0x1C, 0x00, 0x3C, 0x00, 0x0E, 0x00,
        0x00, 0x00, 0x1C, 0x80, 0x38, 0x00, 0x06, 0x00, 0x00, 0x00, 0x1F, 0xF0, 0x38, 0x00, 0x07, 0x00,
        0x0E, 0x00, 0x1F, 0x70, 0x38, 0x00, 0x03, 0x80, 0x1C, 0x00, 0x7C, 0x38, 0x38, 0x00, 0x01, 0x80,
        0x18, 0x00, 0xF0, 0x18, 0x38, 0x00, 0x01, 0xC0, 0x38, 0x01, 0xC0, 0x70, 0x38, 0x00, 0x00, 0x80,
        0x00, 0x03, 0x80, 0xF0, 0x10, 0x00, 0x00, 0x00, 0x01, 0x87, 0x03, 0xC0, 0x00, 0x00, 0x06, 0x00,
        0x03, 0x86, 0x03, 0x00, 0x30, 0x00, 0x07, 0x00, 0x07, 0x0E, 0x06, 0x00, 0xFE, 0x00, 0x03, 0x00,
        0x07, 0x1C, 0x0E, 0x01, 0xC7, 0x00, 0x00, 0x00, 0x07, 0xF8, 0x0C, 0x01, 0x83, 0x00, 0x30, 0x00,
        0x01, 0xF8, 0x18, 0x01, 0x87, 0x00, 0x38, 0x00, 0x00, 0x38, 0x18, 0x01, 0x9F, 0xCF, 0xD8, 0x00,
        0x00, 0x30, 0x30, 0x01, 0xBD, 0x9F, 0xF8, 0x00, 0x00, 0x30, 0x70, 0x01, 0x80, 0x1F, 0xF0, 0x00,
        0x00, 0x30, 0x60, 0x00, 0xC0, 0x18, 0x00, 0x00, 0x00, 0x30, 0x60, 0x00, 0xF0, 0x18, 0x00, 0x00,
        0x00, 0x30, 0x00, 0x00, 0x7C, 0x30, 0x00, 0x00, 0x00, 0x30, 0x00, 0x00, 0x1C, 0x30, 0x00, 0x00,
        0x00, 0x30, 0x00, 0x00, 0x00, 0x30, 0x00, 0x00, 0x00, 0x30, 0x00, 0x00, 0x00, 0x30, 0x00, 0x00,
        0x00, 0x30, 0x00, 0x00, 0x00, 0x30, 0x00, 0x00, 0x00, 0x30, 0x00, 0x00, 0x00, 0x30, 0x00, 0x00,
        0x00, 0x70, 0x00, 0x00, 0x00, 0x30, 0x00, 0x00, 0x00, 0x70, 0x00, 0x00, 0x00, 0x30, 0x00, 0x00,
        0x00, 0x30, 0x00, 0x00, 0x00, 0x30, 0x00, 0x00, 0x00, 0x30, 0x00, 0x00, 0x00, 0x30, 0x00, 0x00,
        0x00, 0x30, 0x00, 0x00, 0x00, 0x30, 0x00, 0x00, 0x00, 0x30, 0x00, 0x00, 0x00, 0x18, 0x00, 0x00,
        0x00, 0x30, 0x00, 0x00, 0x00, 0x18, 0x00, 0x00, 0x00, 0x30, 0x00, 0x00, 0x00, 0x1E, 0x01, 0x80,
        0x00, 0x60, 0x00, 0x00, 0x00, 0x1F, 0xFF, 0x80, 0x00, 0x60, 0x00, 0x00, 0x00, 0x0F, 0xFF, 0x00,
        0x00, 0x60, 0x00, 0x00, 0x00, 0x0C, 0x00, 0x70, 0x00, 0x60, 0x07, 0xFE, 0x00, 0x0E, 0x00, 0x70,
        0x00, 0xC0, 0x7F, 0xFF, 0xF0, 0x0F, 0x00, 0x00, 0x00, 0xC1, 0xFC, 0x03, 0xFF, 0x87, 0xF0, 0x00,
        0x00, 0xC7, 0xC0, 0x00, 0x0F, 0xEF, 0xFF, 0xC0, 0x00, 0xFE, 0x00, 0x00, 0x00, 0xFC, 0x1F, 0xC0,
        0x00, 0x78, 0x00, 0x00, 0x00, 0x18, 0x00, 0x00, 0x00, 0x00, 0x00, 0x00, 0x00, 0x00, 0x00, 0x00,
    },
    { /* frame-2 */
        0x00, 0x00, 0x00, 0x00, 0x00, 0x00, 0x00, 0x00, 0x00, 0x00, 0x00, 0x00, 0x00, 0x00, 0x00, 0x00,
        0x00, 0x00, 0x00, 0x00, 0x00, 0x00, 0x00, 0x00, 0x00, 0x00, 0x0E, 0x00, 0x00, 0x00, 0x00, 0x00,
        0x00, 0x00, 0x3F, 0x00, 0x00, 0x00, 0x00, 0x00, 0x00, 0x00, 0x7B, 0x80, 0x00, 0x00, 0x00, 0x00,
        0x00, 0x00, 0xE1, 0x80, 0x00, 0x03, 0xE0, 0x00, 0x00, 0x00, 0xC1, 0xC0, 0x00, 0x1F, 0xF0, 0x00,
        0x00, 0x01, 0xC0, 0xFF, 0xC0, 0x3E, 0x30, 0x00, 0x00, 0x01, 0x81, 0xFF, 0xFF, 0xF8, 0x30, 0x00,
        0x00, 0x03, 0x00, 0x07, 0xFF, 0xE0, 0x30, 0x00, 0x00, 0x07, 0x00, 0x00, 0x03, 0x80, 0x30, 0x00,
        0x00, 0x0E, 0x00, 0x00, 0x00, 0x00, 0x30, 0x00, 0x00, 0x1E, 0x00, 0x00, 0x00, 0x00, 0x30, 0x00,
        0x00, 0x3C, 0x00, 0x00, 0x00, 0x00, 0x70, 0x00, 0x00, 0x78, 0x00, 0x00, 0x00, 0x00, 0x70, 0x00,
        0x00, 0xE0, 0x00, 0x00, 0x00, 0x00, 0x38, 0x00, 0x01, 0xC0, 0x00, 0x00, 0x00, 0x00, 0x18, 0x00,
        0x03, 0x80, 0x07, 0x00, 0x00, 0x00, 0x1C, 0x00, 0x07, 0x00, 0x07, 0x00, 0x0E, 0x00, 0x0E, 0x00,
        0x06, 0x00, 0x07, 0x00, 0x0E, 0x00, 0x06, 0x00, 0x04, 0x00, 0x0E, 0x00, 0x0E, 0x00, 0x07, 0x00,
        0x00, 0x00, 0x0E, 0x00, 0x0E, 0x00, 0x03, 0x80, 0x00, 0x00, 0x0F, 0xF8, 0x0E, 0x00, 0x01, 0x80,
        0x03, 0x00, 0x0F, 0xFC, 0x0E, 0x00, 0x01, 0xC0, 0x07, 0x00, 0x1F, 0x0E, 0x0E, 0x00, 0x00, 0xE0,
        0x0E, 0x00, 0x3C, 0x06, 0x0E, 0x00, 0x00, 0x60, 0x0C, 0x00, 0x70, 0x0E, 0x0E, 0x00, 0x00, 0x20,
        0x00, 0x00, 0xE0, 0x3C, 0x0C, 0x00, 0x00, 0x00, 0x00, 0xC1, 0xC0, 0x78, 0x00, 0x00, 0x01, 0x80,
        0x00, 0xC3, 0x80, 0xE1, 0xF0, 0x00, 0x01, 0x80, 0x01, 0xC3, 0x01, 0x83, 0xF8, 0x00, 0x01, 0xC0,
        0x01, 0x87, 0x03, 0x87, 0x1E, 0x00, 0x00, 0x00, 0x01, 0xFE, 0x07, 0x06, 0x07, 0x00, 0x0C, 0x00,
        0x00, 0xFC, 0x06, 0x07, 0x07, 0x80, 0x0C, 0x00, 0x00, 0x1C, 0x0E, 0x03, 0x83, 0xF1, 0x8E, 0x00,
        0x00, 0x18, 0x0C, 0x01, 0xC0, 0xF3, 0xFE, 0x00, 0x00, 0x18, 0x18, 0x00, 0xE0, 0x07, 0xFC, 0x00,
        0x00, 0x18, 0x18, 0x00, 0x70, 0x06, 0x00, 0x00, 0x00, 0x18, 0x30, 0x00, 0x38, 0x06, 0x00, 0x00,
        0x00, 0x18, 0x00, 0x00, 0x1E, 0x06, 0x00, 0x00, 0x00, 0x18, 0x00, 0x00, 0x0F, 0x8C, 0x00, 0x00,
        0x00, 0x38, 0x00, 0x00, 0x03, 0x8C, 0x00, 0x00, 0x00, 0x10, 0x00, 0x00, 0x00, 0x0C, 0x00, 0x00,
        0x00, 0x10, 0x00, 0x00, 0x00, 0x0C, 0x00, 0x00, 0x00, 0x38, 0x00, 0x00, 0x00, 0x18, 0x00, 0x00,
        0x00, 0x18, 0x00, 0x00, 0x00, 0x18, 0x00, 0x00, 0x00, 0x18, 0x00, 0x00, 0x00, 0x18, 0x00, 0x00,
        0x00, 0x18, 0x00, 0x00, 0x00, 0x18, 0x00, 0x00, 0x00, 0x18, 0x00, 0x00, 0x00, 0x18, 0x00, 0x00,
        0x00, 0x0C, 0x00, 0x00, 0x00, 0x18, 0x00, 0x00, 0x00, 0x0C, 0x00, 0x00, 0x00, 0x1C, 0x00, 0x00,
        0x00, 0x0C, 0x00, 0x00, 0x00, 0x0E, 0x00, 0x70, 0x00, 0x0C, 0x00, 0x00, 0x00, 0x0F, 0xFF, 0xF0,
        0x00, 0x18, 0x00, 0x00, 0x00, 0x07, 0xFF, 0xC8, 0x00, 0x18, 0x00, 0x00, 0x00, 0x07, 0x00, 0x1C,
        0x00, 0x30, 0x00, 0x00, 0x00, 0x03, 0x80, 0x1C, 0x00, 0x60, 0x00, 0x00, 0x00, 0x01, 0xC0, 0x00,
        0x00, 0x60, 0x1F, 0xFF, 0xC0, 0x00, 0xFC, 0x18, 0x00, 0x41, 0xFF, 0xFF, 0xFF, 0x80, 0xFF, 0xF8,
        0x00, 0x67, 0xC0, 0x00, 0x1F, 0xF0, 0xC7, 0xF0, 0x00, 0x7F, 0x00, 0x00, 0x00, 0xFF, 0xC0, 0x00,
        0x00, 0x7C, 0x00, 0x00, 0x00, 0x0F, 0x80, 0x00, 0x00, 0x00, 0x00, 0x00, 0x00, 0x00, 0x00, 0x00,
    },
    { /* frame-3 */
        0x00, 0x00, 0x00, 0x00, 0x00, 0x00, 0x00, 0x00, 0x00, 0x00, 0x00, 0x00, 0x00, 0x00, 0x00, 0x00,
        0x00, 0x00, 0x00, 0x00, 0x00, 0x00, 0x00, 0x00, 0x00, 0x00, 0x0E, 0x00, 0x00, 0x00, 0x00, 0x00,
        0x00, 0x00, 0x3F, 0x00, 0x00, 0x00, 0x00, 0x00, 0x00, 0x00, 0x7B, 0x80, 0x00, 0x00, 0x00, 0x00,
        0x00, 0x00, 0xE1, 0x80, 0x00, 0x03, 0xE0, 0x00, 0x00, 0x00, 0xC1, 0xC0, 0x00, 0x1F, 0xF0, 0x00,
        0x00, 0x01, 0xC0, 0xFF, 0xC0, 0x3E, 0x30, 0x00, 0x00, 0x01, 0x81, 0xFF, 0xFF, 0xF8, 0x30, 0x00,
        0x00, 0x03, 0x00, 0x07, 0xFF, 0xE0, 0x30, 0x00, 0x00, 0x07, 0x00, 0x00, 0x01, 0x80, 0x30, 0x00,
        0x00, 0x0E, 0x00, 0x00, 0x00, 0x00, 0x30, 0x00, 0x00, 0x1E, 0x00, 0x00, 0x00, 0x00, 0x30, 0x00,
        0x00, 0x3C, 0x00, 0x00, 0x00, 0x00, 0x70, 0x00, 0x00, 0x78, 0x00, 0x00, 0x00, 0x00, 0x70, 0x00,
        0x00, 0xE0, 0x00, 0x00, 0x00, 0x00, 0x38, 0x00, 0x01, 0xE0, 0x00, 0x00, 0x00, 0x00, 0x18, 0x00,
        0x03, 0x80, 0x07, 0x00, 0x00, 0x00, 0x1C, 0x00, 0x07, 0x00, 0x07, 0x00, 0x0E, 0x00, 0x0E, 0x00,
        0x06, 0x00, 0x07, 0x00, 0x0E, 0x00, 0x06, 0x00, 0x04, 0x00, 0x0E, 0x00, 0x0E, 0x00, 0x07, 0x00,
        0x00, 0x00, 0x0E, 0x00, 0x0E, 0x00, 0x03, 0x80, 0x00, 0x00, 0x0F, 0xF8, 0x0E, 0x00, 0x01, 0x80,
        0x03, 0x00, 0x0F, 0xFC, 0x0E, 0x00, 0x01, 0xC0, 0x07, 0x00, 0x1F, 0x0E, 0x0E, 0x00, 0x00, 0xE0,
        0x0E, 0x00, 0x3C, 0x06, 0x0E, 0x00, 0x00, 0x60, 0x0C, 0x00, 0x70, 0x0E, 0x0E, 0x00, 0x00, 0x60,
        0x00, 0x00, 0xE0, 0x3C, 0x0C, 0x00, 0x00, 0x00, 0x00, 0xC1, 0xC0, 0xF8, 0x00, 0x00, 0x01, 0x80,
        0x00, 0xC3, 0x80, 0xE0, 0x00, 0x00, 0x01, 0x80, 0x01, 0xC3, 0x01, 0x80, 0x1F, 0x00, 0x01, 0xC0,
        0x01, 0x87, 0x03, 0x80, 0x7F, 0x80, 0x00, 0x00, 0x01, 0xFE, 0x07, 0x00, 0x61, 0xC0, 0x0C, 0x00,
        0x00, 0xFC, 0x06, 0x00, 0x60, 0xC0, 0x0C, 0x00, 0x00, 0x1C, 0x0E, 0x00, 0x63, 0xF1, 0x0E, 0x00,
        0x00, 0x18, 0x0C, 0x00, 0x6F, 0xF3, 0xFE, 0x00, 0x00, 0x18, 0x18, 0x00, 0x66, 0x03, 0xFC, 0x00,
        0x00, 0x18, 0x18, 0x00, 0x70, 0x06, 0x00, 0x00, 0x00, 0x18, 0x30, 0x00, 0x38, 0x06, 0x00, 0x00,
        0x00, 0x18, 0x00, 0x00, 0x1E, 0x06, 0x00, 0x00, 0x00, 0x18, 0x00, 0x00, 0x0F, 0x8C, 0x00, 0x00,
        0x00, 0x38, 0x00, 0x00, 0x03, 0x0C, 0x00, 0x00, 0x00, 0x10, 0x00, 0x00, 0x00, 0x0C, 0x00, 0x00,
        0x00, 0x10, 0x00, 0x00, 0x00, 0x0C, 0x00, 0x00, 0x00, 0x38, 0x00, 0x00, 0x00, 0x18, 0x00, 0x00,
        0x00, 0x18, 0x00, 0x00, 0x00, 0x18, 0x00, 0x00, 0x00, 0x18, 0x00, 0x00, 0x00, 0x18, 0x00, 0x00,
        0x00, 0x18, 0x00, 0x00, 0x00, 0x18, 0x00, 0x00, 0x00, 0x18, 0x00, 0x00, 0x00, 0x18, 0x00, 0x00,
        0x00, 0x0C, 0x00, 0x00, 0x00, 0x18, 0x04, 0x00, 0x00, 0x0C, 0x00, 0x00, 0x00, 0x1C, 0x0E, 0x40,
        0x00, 0x0C, 0x00, 0x00, 0x00, 0x0C, 0x0E, 0xE0, 0x00, 0x0C, 0x00, 0x00, 0x00, 0x0C, 0xFC, 0x60,
        0x00, 0x18, 0x00, 0x00, 0x00, 0x06, 0xF8, 0x60, 0x00, 0x18, 0x00, 0x00, 0x00, 0x03, 0x00, 0x00,
        0x00, 0x30, 0x00, 0x00, 0x00, 0x03, 0x80, 0x18, 0x00, 0x60, 0x00, 0x00, 0x00, 0x01, 0xC0, 0x70,
        0x00, 0x60, 0x1F, 0xFF, 0xC0, 0x00, 0xFF, 0xF0, 0x00, 0x41, 0xFF, 0xFF, 0xFF, 0x80, 0xFF, 0xC0,
        0x00, 0x67, 0xC0, 0x00, 0x1F, 0xF0, 0xC0, 0x00, 0x00, 0x7F, 0x00, 0x00, 0x00, 0xFF, 0xC0, 0x00,
        0x00, 0x7C, 0x00, 0x00, 0x00, 0x0F, 0x80, 0x00, 0x00, 0x00, 0x00, 0x00, 0x00, 0x00, 0x00, 0x00,
    },
    { /* frame-4 */
        0x00, 0x00, 0x00, 0x00, 0x00, 0x00, 0x00, 0x00, 0x00, 0x00, 0x00, 0x00, 0x00, 0x00, 0x00, 0x00,
        0x00, 0x00, 0x00, 0x00, 0x00, 0x00, 0x00, 0x00, 0x00, 0x00, 0x1C, 0x00, 0x00, 0x00, 0x00, 0x00,
        0x00, 0x00, 0x3E, 0x00, 0x00, 0x00, 0x00, 0x00, 0x00, 0x00, 0x77, 0x00, 0x00, 0x03, 0xC0, 0x00,
        0x00, 0x00, 0xE3, 0x80, 0x00, 0x0F, 0xE0, 0x00, 0x00, 0x00, 0xC1, 0xC0, 0x00, 0x3E, 0x60, 0x00,
        0x00, 0x01, 0xC1, 0xFF, 0xE0, 0x78, 0x60, 0x00, 0x00, 0x01, 0x80, 0xFF, 0xFF, 0xE0, 0x70, 0x00,
        0x00, 0x03, 0x80, 0x00, 0xFF, 0xC0, 0x30, 0x00, 0x00, 0x03, 0x00, 0x00, 0x00, 0x00, 0x30, 0x00,
        0x00, 0x07, 0x00, 0x00, 0x00, 0x00, 0x30, 0x00, 0x00, 0x0E, 0x00, 0x00, 0x00, 0x00, 0x30, 0x00,
        0x00, 0x1C, 0x00, 0x00, 0x00, 0x00, 0x30, 0x00, 0x00, 0x38, 0x00, 0x00, 0x00, 0x00, 0x38, 0x00,
        0x00, 0x70, 0x00, 0x00, 0x00, 0x00, 0x18, 0x00, 0x00, 0xE0, 0x00, 0x00, 0x00, 0x00, 0x1C, 0x00,
        0x01, 0xC0, 0x03, 0x80, 0x00, 0x00, 0x0E, 0x00, 0x03, 0x80, 0x03, 0x80, 0x07, 0x00, 0x06, 0x00,
        0x07, 0x00, 0x03, 0x80, 0x07, 0x00, 0x07, 0x00, 0x0E, 0x00, 0x03, 0x80, 0x07, 0x00, 0x03, 0x80,
        0x0E, 0x00, 0x03, 0x80, 0x07, 0x00, 0x01, 0xC0, 0x00, 0x00, 0x03, 0xBF, 0x07, 0x00, 0x00, 0xC0,
        0x01, 0x00, 0x03, 0xFF, 0x87, 0x00, 0x00, 0xE0, 0x03, 0x80, 0x03, 0xE1, 0x87, 0x00, 0x00, 0x70,
        0x03, 0x00, 0x07, 0x80, 0xC7, 0x00, 0x00, 0x20, 0x07, 0x00, 0x0E, 0x01, 0xC7, 0x00, 0x00, 0x00,
        0x06, 0x00, 0x1C, 0x07, 0x86, 0x00, 0x01, 0x80, 0x00, 0x40, 0x38, 0x1F, 0x0F, 0xC0, 0x01, 0xC0,
        0x00, 0x60, 0x70, 0x3C, 0x1F, 0xE0, 0x00, 0xC0, 0x00, 0xE0, 0xE0, 0x70, 0x18, 0x70, 0x00, 0x40,
        0x00, 0xE0, 0xC0, 0x60, 0x18, 0x38, 0x0C, 0x00, 0x00, 0xFF, 0xC0, 0xE0, 0x18, 0x18, 0x0E, 0x00,
        0x00, 0x7F, 0x81, 0xC0, 0x0C, 0x1C, 0x06, 0x00, 0x00, 0x03, 0x81, 0x80, 0x0E, 0x0D, 0xFE, 0x00,
        0x00, 0x03, 0x03, 0x80, 0x06, 0x01, 0xFE, 0x00, 0x00, 0x03, 0x03, 0x00, 0x06, 0x01, 0x9C, 0x00,
        0x00, 0x06, 0x06, 0x00, 0x07, 0x03, 0x80, 0x00, 0x00, 0x06, 0x06, 0x00, 0x03, 0x03, 0x00, 0x00,
        0x00, 0x06, 0x00, 0x00, 0x00, 0x03, 0x00, 0x00, 0x00, 0x06, 0x00, 0x00, 0x00, 0x03, 0x00, 0x00,
        0x00, 0x06, 0x00, 0x00, 0x00, 0x03, 0x00, 0x00, 0x00, 0x06, 0x00, 0x00, 0x00, 0x03, 0x00, 0x00,
        0x00, 0x06, 0x00, 0x00, 0x00, 0x03, 0x00, 0x00, 0x00, 0x06, 0x00, 0x00, 0x00, 0x03, 0x00, 0x00,
        0x00, 0x06, 0x00, 0x00, 0x00, 0x03, 0x00, 0x00, 0x00, 0x06, 0x00, 0x00, 0x00, 0x03, 0x00, 0x00,
        0x00, 0x06, 0x00, 0x00, 0x00, 0x03, 0x00, 0x00, 0x00, 0x06, 0x00, 0x00, 0x00, 0x03, 0x00, 0x00,
        0x00, 0x03, 0x00, 0x00, 0x00, 0x01, 0x98, 0x00, 0x00, 0x03, 0x00, 0x00, 0x00, 0x01, 0xDC, 0x00,
        0x00, 0x03, 0x00, 0x00, 0x00, 0x01, 0xCC, 0x00, 0x00, 0x03, 0x00, 0x00, 0x00, 0x01, 0x8C, 0x00,
        0x00, 0x03, 0x00, 0x00, 0x00, 0x01, 0xC0, 0x80, 0x00, 0x03, 0x00, 0x00, 0x00, 0x00, 0xC1, 0xC0,
        0x00, 0x03, 0x00, 0x00, 0x00, 0x00, 0xC3, 0x80, 0x00, 0x03, 0x07, 0xFF, 0xF0, 0x00, 0xFF, 0x00,
        0x00, 0x03, 0x1F, 0xE7, 0xFF, 0x00, 0xFE, 0x00, 0x00, 0x03, 0xFC, 0x00, 0x1F, 0xE0, 0xE0, 0x00,
        0x00, 0x01, 0xF0, 0x00, 0x01, 0xF8, 0xC0, 0x00, 0x00, 0x00, 0xC0, 0x00, 0x00, 0x3F, 0xC0, 0x00,
        0x00, 0x00, 0x00, 0x00, 0x00, 0x07, 0x80, 0x00, 0x00, 0x00, 0x00, 0x00, 0x00, 0x00, 0x00, 0x00,
    },
    { /* frame-5 */
        0x00, 0x00, 0x00, 0x00, 0x00, 0x00, 0x00, 0x00, 0x00, 0x00, 0x00, 0x00, 0x00, 0x00, 0x00, 0x00,
        0x00, 0x00, 0x00, 0x00, 0x00, 0x00, 0x00, 0x00, 0x00, 0x01, 0xE0, 0x00, 0x00, 0x00, 0x00, 0x00,
        0x00, 0x03, 0xF8, 0x00, 0x00, 0x1E, 0x00, 0x00, 0x00, 0x03, 0x3C, 0x00, 0x00, 0x3F, 0x00, 0x00,
        0x00, 0x03, 0x0F, 0x00, 0x00, 0x73, 0x80, 0x00, 0x00, 0x03, 0x07, 0x80, 0x00, 0xE1, 0x80, 0x00,
        0x00, 0x03, 0x01, 0xFF, 0xFF, 0xC1, 0xC0, 0x00, 0x00, 0x03, 0x00, 0xFF, 0xFF, 0xC0, 0xC0, 0x00,
        0x00, 0x03, 0x00, 0x00, 0x01, 0xC0, 0xE0, 0x00, 0x00, 0x07, 0x00, 0x00, 0x00, 0x00, 0x60, 0x00,
        0x00, 0x07, 0x00, 0x00, 0x00, 0x00, 0x70, 0x00, 0x00, 0x0E, 0x00, 0x00, 0x00, 0x00, 0x30, 0x00,
        0x00, 0x1C, 0x00, 0x00, 0x00, 0x00, 0x38, 0x00, 0x00, 0x38, 0x00, 0x00, 0x00, 0x00, 0x1C, 0x00,
        0x00, 0x70, 0x00, 0x00, 0x00, 0x00, 0x0E, 0x00, 0x00, 0x70, 0x00, 0x00, 0x00, 0x00, 0x0E, 0x00,
        0x00, 0xE0, 0x00, 0xE0, 0x00, 0xC0, 0x07, 0x00, 0x01, 0xC0, 0x00, 0xE0, 0x01, 0xC0, 0x03, 0x80,
        0x03, 0x80, 0x00, 0xE0, 0x01, 0xC0, 0x01, 0xC0, 0x07, 0x00, 0x00, 0xE0, 0x01, 0xC0, 0x00, 0xE0,
        0x06, 0x00, 0x00, 0xE0, 0x01, 0xC0, 0x00, 0xE0, 0x06, 0x00, 0x00, 0xE0, 0xC1, 0xC0, 0x00, 0x60,
        0x00, 0x00, 0x00, 0xE7, 0xF1, 0xC0, 0x00, 0x00, 0x01, 0x80, 0x00, 0xFF, 0x39, 0xC0, 0x00, 0x00,
        0x03, 0x80, 0x00, 0xF8, 0x18, 0xFE, 0x00, 0x80, 0x03, 0x00, 0x00, 0xF0, 0x18, 0xFF, 0x00, 0xC0,
        0x02, 0x00, 0x01, 0xC0, 0x38, 0xC3, 0x80, 0xE0, 0x00, 0x00, 0x03, 0x81, 0xF0, 0xC1, 0xC0, 0x60,
        0x00, 0x60, 0x07, 0x03, 0xE0, 0xC0, 0xC0, 0x60, 0x00, 0xE0, 0x06, 0x07, 0x00, 0xE0, 0xC6, 0x00,
        0x00, 0xF0, 0x0E, 0x06, 0x00, 0x60, 0xC6, 0x00, 0x00, 0xFF, 0x9C, 0x0E, 0x00, 0x60, 0xE6, 0x00,
        0x00, 0x1F, 0x98, 0x0C, 0x00, 0x70, 0xE7, 0x00, 0x00, 0x01, 0xB0, 0x18, 0x00, 0x70, 0xFF, 0x00,
        0x00, 0x01, 0x80, 0x18, 0x00, 0x20, 0xFE, 0x00, 0x00, 0x01, 0x80, 0x30, 0x00, 0x00, 0xC0, 0x00,
        0x00, 0x01, 0x80, 0x70, 0x00, 0x00, 0xC0, 0x00, 0x00, 0x01, 0x80, 0x60, 0x00, 0x00, 0xC0, 0x00,
        0x00, 0x01, 0x80, 0x60, 0x00, 0x00, 0xC0, 0x00, 0x00, 0x01, 0x80, 0x00, 0x00, 0x00, 0xC0, 0x00,
        0x00, 0x01, 0x80, 0x00, 0x00, 0x00, 0xC0, 0x00, 0x00, 0x01, 0x80, 0x00, 0x00, 0x00, 0xE0, 0x00,
        0x00, 0x01, 0x80, 0x00, 0x00, 0x00, 0x60, 0x00, 0x00, 0x00, 0xC0, 0x00, 0x00, 0x00, 0x60, 0x00,
        0x00, 0x00, 0xC0, 0x00, 0x00, 0x00, 0x60, 0x00, 0x00, 0x00, 0xC0, 0x00, 0x00, 0x00, 0x60, 0x00,
        0x00, 0x00, 0xC0, 0x00, 0x00, 0x00, 0x60, 0x00, 0x00, 0x00, 0x60, 0x00, 0x00, 0x00, 0x60, 0x00,
        0x00, 0x00, 0x60, 0x00, 0x00, 0x00, 0x60, 0x00, 0x00, 0x00, 0x60, 0x00, 0x00, 0x00, 0x70, 0x00,
        0x00, 0x00, 0x30, 0x00, 0x00, 0x00, 0x70, 0x00, 0x00, 0x00, 0x30, 0x00, 0x00, 0x00, 0x30, 0x00,
        0x00, 0x00, 0x38, 0x00, 0x00, 0x00, 0x70, 0x00, 0x00, 0x00, 0x18, 0x00, 0x00, 0x00, 0x60, 0x00,
        0x00, 0x00, 0x1C, 0x1F, 0xF8, 0x00, 0x60, 0x00, 0x00, 0x00, 0x0C, 0x3F, 0xFF, 0x80, 0x60, 0x00,
        0x00, 0x00, 0x0F, 0xF0, 0x07, 0xE0, 0x60, 0x00, 0x00, 0x00, 0x07, 0xC0, 0x00, 0x78, 0x60, 0x00,
        0x00, 0x00, 0x00, 0x00, 0x00, 0x1E, 0xC0, 0x00, 0x00, 0x00, 0x00, 0x00, 0x00, 0x0F, 0xC0, 0x00,
        0x00, 0x00, 0x00, 0x00, 0x00, 0x03, 0x80, 0x00, 0x00, 0x00, 0x00, 0x00, 0x00, 0x00, 0x00, 0x00,
    },
    { /* frame-6 */
        0x00, 0x00, 0x00, 0x00, 0x00, 0x00, 0x00, 0x00, 0x00, 0x00, 0x00, 0x00, 0x00, 0x00, 0x00, 0x00,
        0x00, 0x00, 0x00, 0x00, 0x00, 0x00, 0x00, 0x00, 0x00, 0x00, 0x78, 0x00, 0x00, 0x00, 0x00, 0x00,
        0x00, 0x00, 0xFC, 0x00, 0x00, 0x03, 0x00, 0x00, 0x00, 0x00, 0xCE, 0x00, 0x00, 0x0F, 0x80, 0x00,
        0x00, 0x01, 0x87, 0x00, 0x00, 0x1F, 0xC0, 0x00, 0x00, 0x01, 0x83, 0x80, 0x00, 0x38, 0xC0, 0x00,
        0x00, 0x03, 0x81, 0xFF, 0xFF, 0xF0, 0x60, 0x00, 0x00, 0x03, 0x00, 0xFF, 0xFF, 0xE0, 0x60, 0x00,
        0x00, 0x03, 0x00, 0x00, 0x00, 0x00, 0x70, 0x00, 0x00, 0x03, 0x00, 0x00, 0x00, 0x00, 0x30, 0x00,
        0x00, 0x07, 0x00, 0x00, 0x00, 0x00, 0x30, 0x00, 0x00, 0x0E, 0x00, 0x00, 0x00, 0x00, 0x30, 0x00,
        0x00, 0x1C, 0x00, 0x00, 0x00, 0x00, 0x30, 0x00, 0x00, 0x38, 0x00, 0x00, 0x00, 0x00, 0x38, 0x00,
        0x00, 0x70, 0x00, 0x00, 0x00, 0x00, 0x1C, 0x00, 0x00, 0xE0, 0x00, 0x00, 0x00, 0x00, 0x0E, 0x00,
        0x01, 0xC0, 0x01, 0xC0, 0x01, 0x00, 0x06, 0x00, 0x01, 0x80, 0x01, 0xC0, 0x03, 0x80, 0x07, 0x00,
        0x03, 0x80, 0x01, 0xC0, 0x03, 0x80, 0x03, 0x80, 0x07, 0x00, 0x01, 0xC0, 0x03, 0x80, 0x01, 0xC0,
        0x0E, 0x00, 0x01, 0xC0, 0x03, 0x80, 0x00, 0xE0, 0x00, 0x00, 0x01, 0xC1, 0x83, 0x80, 0x00, 0x60,
        0x00, 0x00, 0x01, 0xCF, 0xE3, 0x80, 0x00, 0x30, 0x03, 0x80, 0x01, 0xFE, 0xE3, 0x80, 0x00, 0x00,
        0x03, 0x00, 0x01, 0xF0, 0x73, 0xBC, 0x00, 0x00, 0x07, 0x00, 0x01, 0xC0, 0x31, 0xFF, 0x01, 0x80,
        0x02, 0x00, 0x03, 0x80, 0xE1, 0xE7, 0x01, 0xC0, 0x00, 0x00, 0x07, 0x03, 0xE1, 0x83, 0x00, 0xE0,
        0x00, 0x60, 0x0E, 0x07, 0x81, 0x83, 0x00, 0x60, 0x00, 0xE0, 0x1C, 0x0E, 0x03, 0x07, 0x00, 0x00,
        0x00, 0xF0, 0x18, 0x1C, 0x03, 0x0E, 0x0E, 0x00, 0x00, 0xFF, 0x30, 0x18, 0x03, 0x0E, 0x06, 0x00,
        0x00, 0x1F, 0xB0, 0x38, 0x03, 0x06, 0x06, 0x00, 0x00, 0x03, 0x60, 0x70, 0x03, 0x06, 0xFF, 0x00,
        0x00, 0x03, 0x00, 0x60, 0x01, 0x80, 0xFF, 0x00, 0x00, 0x03, 0x00, 0xE0, 0x01, 0x80, 0xC0, 0x00,
        0x00, 0x03, 0x00, 0xC0, 0x00, 0x01, 0x80, 0x00, 0x00, 0x03, 0x01, 0xC0, 0x00, 0x01, 0x80, 0x00,
        0x00, 0x03, 0x00, 0x80, 0x00, 0x01, 0x80, 0x00, 0x00, 0x03, 0x00, 0x00, 0x00, 0x01, 0x80, 0x00,
        0x00, 0x03, 0x00, 0x00, 0x00, 0x01, 0x80, 0x00, 0x00, 0x03, 0x00, 0x00, 0x00, 0x01, 0x80, 0x00,
        0x00, 0x01, 0x80, 0x00, 0x00, 0x01, 0x80, 0x00, 0x00, 0x01, 0x80, 0x00, 0x00, 0x01, 0x80, 0x00,
        0x00, 0x01, 0x80, 0x00, 0x00, 0x01, 0x80, 0x00, 0x00, 0x01, 0x80, 0x00, 0x00, 0x01, 0x80, 0x00,
        0x00, 0x01, 0x80, 0x00, 0x00, 0x01, 0x80, 0x00, 0x00, 0x01, 0x80, 0x00, 0x00, 0x00, 0xC0, 0x00,
        0x00, 0x00, 0xC0, 0x00, 0x00, 0x00, 0xD0, 0x00, 0x00, 0x00, 0xC0, 0x00, 0x00, 0x00, 0xD8, 0x00,
        0x00, 0x00, 0xC0, 0x00, 0x00, 0x00, 0xD8, 0x00, 0x00, 0x00, 0xC0, 0x00, 0x00, 0x00, 0xD8, 0x00,
        0x00, 0x00, 0x40, 0x00, 0x00, 0x00, 0xF8, 0x00, 0x00, 0x00, 0x60, 0x00, 0x00, 0x00, 0xF8, 0x00,
        0x00, 0x00, 0xE0, 0x3F, 0xE0, 0x00, 0x70, 0x00, 0x00, 0x00, 0x61, 0xFF, 0xFC, 0x00, 0x60, 0x00,
        0x00, 0x00, 0x63, 0xC0, 0x3F, 0xC0, 0x40, 0x00, 0x00, 0x00, 0x7F, 0x00, 0x03, 0xF0, 0x40, 0x00,
        0x00, 0x00, 0x3C, 0x00, 0x00, 0x3C, 0xC0, 0x00, 0x00, 0x00, 0x00, 0x00, 0x00, 0x0F, 0xC0, 0x00,
        0x00, 0x00, 0x00, 0x00, 0x00, 0x03, 0x80, 0x00, 0x00, 0x00, 0x00, 0x00, 0x00, 0x00, 0x00, 0x00,
    },
    { /* frame-7 */
        0x00, 0x00, 0x00, 0x00, 0x00, 0x00, 0x00, 0x00, 0x00, 0x00, 0x00, 0x00, 0x00, 0x00, 0x00, 0x00,
        0x00, 0x00, 0x00, 0x00, 0x00, 0x00, 0x00, 0x00, 0x00, 0x01, 0xE0, 0x00, 0x00, 0x00, 0x00, 0x00,
        0x00, 0x03, 0xF8, 0x00, 0x00, 0x1E, 0x00, 0x00, 0x00, 0x03, 0x3C, 0x00, 0x00, 0x3F, 0x00, 0x00,
        0x00, 0x03, 0x0F, 0x00, 0x00, 0x73, 0x80, 0x00, 0x00, 0x03, 0x07, 0x80, 0x00, 0xE1, 0x80, 0x00,
        0x00, 0x03, 0x01, 0xFF, 0xFF, 0xC1, 0xC0, 0x00, 0x00, 0x03, 0x00, 0xFF, 0xFF, 0xC0, 0xC0, 0x00,
        0x00, 0x03, 0x00, 0x00, 0x01, 0xC0, 0xE0, 0x00, 0x00, 0x07, 0x00, 0x00, 0x00, 0x00, 0x60, 0x00,
        0x00, 0x07, 0x00, 0x00, 0x00, 0x00, 0x70, 0x00, 0x00, 0x0E, 0x00, 0x00, 0x00, 0x00, 0x30, 0x00,
        0x00, 0x1C, 0x00, 0x00, 0x00, 0x00, 0x38, 0x00, 0x00, 0x38, 0x00, 0x00, 0x00, 0x00, 0x1C, 0x00,
        0x00, 0x70, 0x00, 0x00, 0x00, 0x00, 0x0E, 0x00, 0x00, 0x70, 0x00, 0x00, 0x00, 0x00, 0x0E, 0x00,
        0x00, 0xE0, 0x00, 0xE0, 0x00, 0xC0, 0x07, 0x00, 0x01, 0xC0, 0x00, 0xE0, 0x01, 0xC0, 0x03, 0x80,
        0x03, 0x80, 0x00, 0xE0, 0x01, 0xC0, 0x01, 0xC0, 0x07, 0x00, 0x00, 0xE0, 0x01, 0xC0, 0x00, 0xC0,
        0x06, 0x00, 0x00, 0xE0, 0x01, 0xC0, 0x00, 0xE0, 0x06, 0x00, 0x00, 0xE0, 0xC1, 0xC0, 0x00, 0x60,
        0x00, 0x00, 0x00, 0xE7, 0xF1, 0xC0, 0x00, 0x00, 0x01, 0x80, 0x00, 0xFF, 0x39, 0xC0, 0x00, 0x00,
        0x03, 0x80, 0x00, 0xF8, 0x18, 0xFE, 0x00, 0x80, 0x03, 0x00, 0x00, 0xF0, 0x18, 0xFF, 0x00, 0xC0,
        0x02, 0x00, 0x01, 0xC0, 0x38, 0xC3, 0x80, 0xE0, 0x00, 0x00, 0x03, 0x81, 0xF0, 0xC1, 0xC0, 0x60,
        0x00, 0x60, 0x07, 0x03, 0xE0, 0xC0, 0xC0, 0x60, 0x00, 0xE0, 0x06, 0x07, 0x00, 0xE0, 0xC6, 0x00,
        0x00, 0xF0, 0x0E, 0x06, 0x00, 0x60, 0xC6, 0x00, 0x00, 0xFF, 0x9C, 0x0E, 0x00, 0x60, 0xE6, 0x00,
        0x00, 0x1F, 0x98, 0x0C, 0x00, 0x70, 0xE7, 0x00, 0x00, 0x01, 0xB0, 0x18, 0x00, 0x70, 0xFF, 0x00,
        0x00, 0x01, 0x80, 0x18, 0x00, 0x20, 0xFE, 0x00, 0x00, 0x01, 0x80, 0x30, 0x00, 0x00, 0xC0, 0x00,
        0x00, 0x01, 0x80, 0x70, 0x00, 0x00, 0xC0, 0x00, 0x00, 0x01, 0x80, 0x60, 0x00, 0x00, 0xC0, 0x00,
        0x00, 0x01, 0x80, 0x60, 0x00, 0x00, 0xC0, 0x00, 0x00, 0x01, 0x80, 0x00, 0x00, 0x00, 0xC0, 0x00,
        0x00, 0x01, 0x80, 0x00, 0x00, 0x00, 0xC0, 0x00, 0x00, 0x01, 0x80, 0x00, 0x00, 0x00, 0xE0, 0x00,
        0x00, 0x01, 0x80, 0x00, 0x00, 0x00, 0x60, 0x00, 0x00, 0x00, 0xC0, 0x00, 0x00, 0x00, 0x60, 0x00,
        0x00, 0x00, 0xC0, 0x00, 0x00, 0x00, 0x60, 0x00, 0x00, 0x00, 0xC0, 0x00, 0x00, 0x00, 0x60, 0x00,
        0x00, 0x00, 0xC0, 0x00, 0x00, 0x00, 0x60, 0x00, 0x00, 0x00, 0x60, 0x00, 0x00, 0x00, 0x60, 0x00,
        0x00, 0x00, 0x60, 0x00, 0x00, 0x00, 0x60, 0x00, 0x00, 0x00, 0x60, 0x00, 0x00, 0x00, 0x70, 0x00,
        0x00, 0x00, 0x30, 0x00, 0x00, 0x00, 0x70, 0x00, 0x00, 0x00, 0x30, 0x00, 0x00, 0x00, 0x70, 0x00,
        0x00, 0x00, 0x38, 0x00, 0x00, 0x00, 0x70, 0x00, 0x00, 0x00, 0x18, 0x00, 0x00, 0x00, 0x60, 0x00,
        0x00, 0x00, 0x1C, 0x1F, 0xF8, 0x00, 0x60, 0x00, 0x00, 0x00, 0x0C, 0x3F, 0xFF, 0x80, 0x60, 0x00,
        0x00, 0x00, 0x0F, 0xF0, 0x07, 0xE0, 0x60, 0x00, 0x00, 0x00, 0x07, 0xC0, 0x00, 0x78, 0x60, 0x00,
        0x00, 0x00, 0x00, 0x00, 0x00, 0x1E, 0xC0, 0x00, 0x00, 0x00, 0x00, 0x00, 0x00, 0x0F, 0xC0, 0x00,
        0x00, 0x00, 0x00, 0x00, 0x00, 0x03, 0x80, 0x00, 0x00, 0x00, 0x00, 0x00, 0x00, 0x00, 0x00, 0x00,
    },
    { /* frame-8 */
        0x00, 0x00, 0x00, 0x00, 0x00, 0x00, 0x00, 0x00, 0x00, 0x00, 0x00, 0x00, 0x00, 0x00, 0x00, 0x00,
        0x00, 0x00, 0x00, 0x00, 0x00, 0x00, 0x00, 0x00, 0x00, 0x00, 0x00, 0x00, 0x00, 0x00, 0x00, 0x00,
        0x00, 0x00, 0x00, 0x00, 0x00, 0x00, 0x00, 0x00, 0x00, 0x01, 0xE0, 0x00, 0x00, 0x3E, 0x00, 0x00,
        0x00, 0x03, 0xFC, 0x00, 0x00, 0x7F, 0x00, 0x00, 0x00, 0x03, 0xBE, 0x00, 0x00, 0x63, 0x80, 0x00,
        0x00, 0x03, 0x07, 0x00, 0x00, 0xE1, 0xC0, 0x00, 0x00, 0x03, 0x03, 0xFF, 0xFF, 0xC0, 0xC0, 0x00,
        0x00, 0x03, 0x00, 0xFF, 0xFF, 0xC0, 0xE0, 0x00, 0x00, 0x03, 0x00, 0x00, 0x00, 0x00, 0x60, 0x00,
        0x00, 0x03, 0x00, 0x00, 0x00, 0x00, 0x70, 0x00, 0x00, 0x03, 0x00, 0x00, 0x00, 0x00, 0x30, 0x00,
        0x00, 0x07, 0x00, 0x00, 0x00, 0x00, 0x38, 0x00, 0x00, 0x06, 0x00, 0x00, 0x00, 0x00, 0x1C, 0x00,
        0x00, 0x0E, 0x00, 0x00, 0x00, 0x00, 0x0E, 0x00, 0x00, 0x1C, 0x00, 0x00, 0x00, 0x00, 0x0E, 0x00,
        0x00, 0x38, 0x00, 0x00, 0x00, 0x60, 0x07, 0x00, 0x00, 0x70, 0x00, 0x70, 0x00, 0xE0, 0x03, 0x80,
        0x00, 0xE0, 0x00, 0x70, 0x00, 0xF0, 0x01, 0xC0, 0x00, 0xC0, 0x00, 0x70, 0x00, 0xF0, 0x00, 0xE0,
        0x01, 0xC0, 0x00, 0x70, 0x00, 0xF0, 0x00, 0x70, 0x03, 0x80, 0x00, 0x70, 0x00, 0x70, 0x00, 0x30,
        0x07, 0x00, 0x00, 0x70, 0xF0, 0x70, 0x00, 0x00, 0x00, 0x00, 0x00, 0x73, 0xF8, 0x70, 0x00, 0x00,
        0x00, 0x00, 0x00, 0x7F, 0x9C, 0x70, 0x00, 0xC0, 0x00, 0xC0, 0x00, 0x7C, 0x0C, 0x61, 0xF8, 0xE0,
        0x01, 0xC0, 0x00, 0x70, 0x0C, 0x03, 0xFC, 0x70, 0x01, 0x80, 0x00, 0xE0, 0x3C, 0x07, 0x0C, 0x30,
        0x01, 0x00, 0x01, 0xC0, 0xF8, 0x06, 0x0C, 0x10, 0x00, 0x30, 0x03, 0x81, 0xE0, 0x06, 0x0F, 0x00,
        0x00, 0x30, 0x07, 0x03, 0x80, 0x0C, 0x1F, 0x00, 0x00, 0x7F, 0x8E, 0x03, 0x00, 0x0C, 0x33, 0x00,
        0x00, 0x3F, 0xCC, 0x06, 0x00, 0x1C, 0x3B, 0x80, 0x00, 0x1F, 0xDC, 0x0E, 0x00, 0x18, 0x3F, 0x80,
        0x00, 0x00, 0xC8, 0x1C, 0x00, 0x00, 0x3E, 0x00, 0x00, 0x00, 0xC0, 0x18, 0x00, 0x00, 0x30, 0x00,
        0x00, 0x00, 0xC0, 0x38, 0x00, 0x00, 0x70, 0x00, 0x00, 0x00, 0xC0, 0x30, 0x00, 0x00, 0x60, 0x00,
        0x00, 0x00, 0xC0, 0x60, 0x00, 0x00, 0x60, 0x00, 0x00, 0x00, 0xC0, 0x00, 0x00, 0x00, 0x60, 0x00,
        0x00, 0x00, 0xC0, 0x00, 0x00, 0x00, 0x60, 0x00, 0x00, 0x00, 0xC0, 0x00, 0x00, 0x00, 0x30, 0x00,
        0x00, 0x00, 0xC0, 0x00, 0x00, 0x00, 0x30, 0x00, 0x00, 0x00, 0xC0, 0x00, 0x00, 0x00, 0x30, 0x00,
        0x00, 0x00, 0xC0, 0x00, 0x00, 0x00, 0x30, 0x00, 0x00, 0x00, 0x60, 0x00, 0x00, 0x00, 0x30, 0x00,
        0x00, 0x00, 0x60, 0x00, 0x00, 0x00, 0x18, 0x00, 0x00, 0x00, 0x60, 0x00, 0x00, 0x00, 0x18, 0x00,
        0x00, 0x00, 0x70, 0x00, 0x00, 0x00, 0x18, 0x00, 0x00, 0x00, 0x30, 0x00, 0x00, 0x00, 0x18, 0x00,
        0x00, 0x00, 0x30, 0x00, 0x00, 0x00, 0x18, 0x00, 0x00, 0x00, 0x18, 0x00, 0x00, 0x00, 0x10, 0x00,
        0x00, 0x00, 0x1C, 0x00, 0x00, 0x00, 0x30, 0x00, 0x00, 0x00, 0x0C, 0x00, 0x00, 0x00, 0x30, 0x00,
        0x00, 0x00, 0x06, 0x00, 0x00, 0x00, 0x30, 0x00, 0x00, 0x00, 0x07, 0x01, 0xFF, 0x00, 0x30, 0x00,
        0x00, 0x00, 0x03, 0x83, 0xFF, 0xE0, 0x60, 0x00, 0x00, 0x00, 0x01, 0xC7, 0x00, 0xF8, 0x60, 0x00,
        0x00, 0x00, 0x00, 0xFE, 0x00, 0x3E, 0xC0, 0x00, 0x00, 0x00, 0x00, 0x3C, 0x00, 0x0F, 0xC0, 0x00,
        0x00, 0x00, 0x00, 0x00, 0x00, 0x03, 0x80, 0x00, 0x00, 0x00, 0x00, 0x00, 0x00, 0x00, 0x00, 0x00,
    },
    { /* frame-9 */
        0x00, 0x00, 0x00, 0x00, 0x00, 0x00, 0x00, 0x00, 0x00, 0x00, 0x00, 0x00, 0x00, 0x00, 0x00, 0x00,
        0x00, 0x00, 0x00, 0x00, 0x00, 0x00, 0x00, 0x00, 0x00, 0x00, 0x00, 0x00, 0x00, 0x00, 0x00, 0x00,
        0x00, 0x00, 0x00, 0x00, 0x00, 0x00, 0x00, 0x00, 0x00, 0x00, 0x00, 0x00, 0x00, 0x0C, 0x00, 0x00,
        0x00, 0x00, 0xE0, 0x00, 0x00, 0x3E, 0x00, 0x00, 0x00, 0x01, 0xF8, 0x00, 0x00, 0x7F, 0x00, 0x00,
        0x00, 0x03, 0xBE, 0x00, 0x00, 0x63, 0x80, 0x00, 0x00, 0x03, 0x07, 0x00, 0x00, 0xE1, 0xC0, 0x00,
        0x00, 0x03, 0x03, 0xFF, 0xFF, 0xE0, 0xE0, 0x00, 0x00, 0x03, 0x00, 0xFF, 0xFF, 0xC0, 0x60, 0x00,
        0x00, 0x03, 0x00, 0x00, 0x00, 0x00, 0x70, 0x00, 0x00, 0x03, 0x00, 0x00, 0x00, 0x00, 0x30, 0x00,
        0x00, 0x03, 0x00, 0x00, 0x00, 0x00, 0x38, 0x00, 0x00, 0x07, 0x00, 0x00, 0x00, 0x00, 0x1C, 0x00,
        0x00, 0x07, 0x00, 0x00, 0x00, 0x00, 0x0E, 0x00, 0x00, 0x0E, 0x00, 0x00, 0x00, 0x00, 0x07, 0x00,
        0x00, 0x1C, 0x00, 0x00, 0x00, 0x00, 0x03, 0x80, 0x00, 0x38, 0x00, 0x00, 0x00, 0x30, 0x01, 0xC0,
        0x00, 0x30, 0x00, 0x38, 0x00, 0x30, 0x01, 0xC0, 0x00, 0x70, 0x00, 0x38, 0x00, 0x38, 0x00, 0xE0,
        0x00, 0xE0, 0x00, 0x38, 0x00, 0x38, 0x00, 0x70, 0x01, 0xC0, 0x00, 0x38, 0x00, 0x38, 0x00, 0x30,
        0x01, 0x80, 0x00, 0x38, 0x00, 0x38, 0x00, 0x00, 0x03, 0x80, 0x00, 0x39, 0xFC, 0x38, 0x00, 0x00,
        0x03, 0x00, 0x00, 0x3F, 0xFE, 0x38, 0x00, 0x60, 0x00, 0x00, 0x00, 0x3F, 0x06, 0x3F, 0x80, 0x60,
        0x00, 0xC0, 0x00, 0x3C, 0x06, 0x1F, 0xE0, 0x70, 0x01, 0xC0, 0x00, 0x70, 0x06, 0x1F, 0xF0, 0x38,
        0x01, 0x80, 0x00, 0xE0, 0x3E, 0x18, 0x30, 0x10, 0x00, 0x00, 0x01, 0xC0, 0xF8, 0x18, 0x3B, 0x00,
        0x00, 0x18, 0x03, 0x80, 0xE0, 0x1C, 0x1B, 0x80, 0x00, 0x38, 0x03, 0x01, 0x80, 0x0C, 0x19, 0x80,
        0x00, 0x38, 0x06, 0x03, 0x80, 0x06, 0x1F, 0x80, 0x00, 0x3F, 0xEE, 0x07, 0x00, 0x06, 0x1F, 0x80,
        0x00, 0x1F, 0xEC, 0x06, 0x00, 0x00, 0x1C, 0x00, 0x00, 0x00, 0xC0, 0x0E, 0x00, 0x00, 0x18, 0x00,
        0x00, 0x00, 0xC0, 0x1C, 0x00, 0x00, 0x18, 0x00, 0x00, 0x00, 0xC0, 0x18, 0x00, 0x00, 0x38, 0x00,
        0x00, 0x00, 0xC0, 0x38, 0x00, 0x00, 0x30, 0x00, 0x00, 0x00, 0xC0, 0x30, 0x00, 0x00, 0x30, 0x00,
        0x00, 0x00, 0xC0, 0x00, 0x00, 0x00, 0x30, 0x00, 0x00, 0x00, 0xC0, 0x00, 0x00, 0x00, 0x30, 0x00,
        0x00, 0x00, 0xE0, 0x00, 0x00, 0x00, 0x30, 0x00, 0x00, 0x00, 0x60, 0x00, 0x00, 0x00, 0x10, 0x00,
        0x00, 0x00, 0x60, 0x00, 0x00, 0x00, 0x18, 0x00, 0x00, 0x00, 0x60, 0x00, 0x00, 0x00, 0x18, 0x00,
        0x00, 0x00, 0x60, 0x00, 0x00, 0x00, 0x18, 0x00, 0x00, 0x00, 0x30, 0x00, 0x00, 0x00, 0x18, 0x00,
        0x00, 0x00, 0x30, 0x00, 0x00, 0x00, 0x18, 0x00, 0x00, 0x00, 0x38, 0x00, 0x00, 0x00, 0x30, 0x00,
        0x00, 0x00, 0x18, 0x00, 0x00, 0x00, 0x30, 0x00, 0x00, 0x00, 0x1C, 0x00, 0x00, 0x00, 0x30, 0x00,
        0x00, 0x00, 0x0C, 0x00, 0x00, 0x00, 0x30, 0x00, 0x00, 0x00, 0x06, 0x00, 0x00, 0x00, 0x30, 0x00,
        0x00, 0x00, 0x07, 0x00, 0x00, 0x00, 0x30, 0x00, 0x00, 0x00, 0x03, 0x80, 0x00, 0x00, 0x60, 0x00,
        0x00, 0x00, 0x01, 0xC0, 0x7F, 0xC0, 0x60, 0x00, 0x00, 0x00, 0x00, 0xE0, 0xFF, 0xF8, 0x60, 0x00,
        0x00, 0x00, 0x00, 0x71, 0xC0, 0x3E, 0xE0, 0x00, 0x00, 0x00, 0x00, 0x3F, 0x80, 0x0F, 0xC0, 0x00,
        0x00, 0x00, 0x00, 0x0F, 0x80, 0x03, 0x80, 0x00, 0x00, 0x00, 0x00, 0x00, 0x00, 0x00, 0x00, 0x00,
    },
    { /* frame-10 */
        0x00, 0x00, 0x00, 0x00, 0x00, 0x00, 0x00, 0x00, 0x00, 0x00, 0x00, 0x00, 0x00, 0x00, 0x00, 0x00,
        0x00, 0x00, 0x00, 0x00, 0x00, 0x00, 0x00, 0x00, 0x00, 0x00, 0x00, 0x00, 0x00, 0x00, 0x00, 0x00,
        0x00, 0x00, 0x00, 0x00, 0x00, 0x00, 0x00, 0x00, 0x00, 0x00, 0x00, 0x00, 0x00, 0x00, 0x00, 0x00,
        0x00, 0x00, 0x00, 0x00, 0x00, 0x0C, 0x00, 0x00, 0x00, 0x01, 0xE0, 0x00, 0x00, 0x3F, 0x00, 0x00,
        0x00, 0x03, 0xF8, 0x00, 0x00, 0x3F, 0x80, 0x00, 0x00, 0x03, 0x9E, 0x00, 0x00, 0x71, 0xC0, 0x00,
        0x00, 0x03, 0x07, 0x80, 0x00, 0xE1, 0xC0, 0x00, 0x00, 0x03, 0x03, 0xFF, 0xFF, 0xE0, 0xE0, 0x00,
        0x00, 0x03, 0x00, 0xFF, 0xFF, 0xE0, 0x60, 0x00, 0x00, 0x03, 0x00, 0x00, 0x00, 0x00, 0x70, 0x00,
        0x00, 0x03, 0x00, 0x00, 0x00, 0x00, 0x30, 0x00, 0x00, 0x03, 0x00, 0x00, 0x00, 0x00, 0x38, 0x00,
        0x00, 0x07, 0x00, 0x00, 0x00, 0x00, 0x1C, 0x00, 0x00, 0x06, 0x00, 0x00, 0x00, 0x00, 0x0E, 0x00,
        0x00, 0x0E, 0x00, 0x00, 0x00, 0x00, 0x07, 0x00, 0x00, 0x1C, 0x00, 0x00, 0x00, 0x00, 0x03, 0x80,
        0x00, 0x38, 0x00, 0x18, 0x00, 0x30, 0x01, 0xC0, 0x00, 0x70, 0x00, 0x38, 0x00, 0x38, 0x00, 0xE0,
        0x00, 0xE0, 0x00, 0x38, 0x00, 0x38, 0x00, 0x70, 0x00, 0xE0, 0x00, 0x38, 0x00, 0x38, 0x00, 0x30,
        0x01, 0xC0, 0x00, 0x38, 0x00, 0x38, 0x00, 0x10, 0x03, 0x80, 0x00, 0x38, 0x38, 0x38, 0x00, 0x00,
        0x03, 0x00, 0x00, 0x19, 0xFC, 0x38, 0x00, 0x00, 0x00, 0x00, 0x00, 0x1F, 0xCE, 0x38, 0x00, 0x60,
        0x00, 0x60, 0x00, 0x1E, 0x06, 0x38, 0x7C, 0x70, 0x00, 0xE0, 0x00, 0x3C, 0x06, 0x01, 0xFE, 0x38,
        0x01, 0xC0, 0x00, 0x70, 0x0E, 0x01, 0xC7, 0x38, 0x00, 0x80, 0x00, 0xE0, 0x3C, 0x03, 0x83, 0x08,
        0x00, 0x18, 0x01, 0xC0, 0xF8, 0x03, 0x07, 0x80, 0x00, 0x18, 0x03, 0x80, 0xE0, 0x03, 0x0F, 0x80,
        0x00, 0x38, 0x03, 0x01, 0x80, 0x03, 0x0D, 0xC0, 0x00, 0x3F, 0xE6, 0x03, 0x80, 0x06, 0x0D, 0xC0,
        0x00, 0x1F, 0xE6, 0x07, 0x00, 0x06, 0x0F, 0xC0, 0x00, 0x00, 0x64, 0x06, 0x00, 0x00, 0x0F, 0x80,
        0x00, 0x00, 0x60, 0x0E, 0x00, 0x00, 0x0C, 0x00, 0x00, 0x00, 0x60, 0x1C, 0x00, 0x00, 0x1C, 0x00,
        0x00, 0x00, 0x60, 0x18, 0x00, 0x00, 0x18, 0x00, 0x00, 0x00, 0x60, 0x18, 0x00, 0x00, 0x18, 0x00,
        0x00, 0x00, 0x60, 0x00, 0x00, 0x00, 0x18, 0x00, 0x00, 0x00, 0x60, 0x00, 0x00, 0x00, 0x18, 0x00,
        0x00, 0x00, 0x60, 0x00, 0x00, 0x00, 0x18, 0x00, 0x00, 0x00, 0x60, 0x00, 0x00, 0x00, 0x18, 0x00,
        0x00, 0x00, 0x60, 0x00, 0x00, 0x00, 0x18, 0x00, 0x00, 0x00, 0x60, 0x00, 0x00, 0x00, 0x18, 0x00,
        0x00, 0x00, 0x30, 0x00, 0x00, 0x00, 0x18, 0x00, 0x00, 0x00, 0x30, 0x00, 0x00, 0x00, 0x10, 0x00,
        0x00, 0x00, 0x30, 0x00, 0x00, 0x00, 0x30, 0x00, 0x00, 0x00, 0x18, 0x00, 0x00, 0x00, 0x30, 0x00,
        0x00, 0x00, 0x18, 0x00, 0x00, 0x00, 0x30, 0x00, 0x00, 0x00, 0x0C, 0x00, 0x00, 0x00, 0x30, 0x00,
        0x00, 0x00, 0x0C, 0x00, 0x00, 0x00, 0x30, 0x00, 0x00, 0x00, 0x06, 0x00, 0x00, 0x00, 0x70, 0x00,
        0x00, 0x00, 0x07, 0x00, 0x00, 0x00, 0x60, 0x00, 0x00, 0x00, 0x03, 0x80, 0x00, 0x00, 0x60, 0x00,
        0x00, 0x00, 0x01, 0xC0, 0x7F, 0xC0, 0x60, 0x00, 0x00, 0x00, 0x00, 0xE0, 0xFF, 0xF8, 0x60, 0x00,
        0x00, 0x00, 0x00, 0x71, 0xC0, 0x3E, 0xE0, 0x00, 0x00, 0x00, 0x00, 0x3F, 0x80, 0x0F, 0xC0, 0x00,
        0x00, 0x00, 0x00, 0x0F, 0x80, 0x03, 0x80, 0x00, 0x00, 0x00, 0x00, 0x00, 0x00, 0x00, 0x00, 0x00,
    },
    { /* frame-11 */
        0x00, 0x00, 0x00, 0x00, 0x00, 0x00, 0x00, 0x00, 0x00, 0x00, 0x00, 0x00, 0x00, 0x00, 0x00, 0x00,
        0x00, 0x00, 0x00, 0x00, 0x00, 0x00, 0x00, 0x00, 0x00, 0x00, 0x00, 0x00, 0x00, 0x00, 0x00, 0x00,
        0x00, 0x00, 0x00, 0x00, 0x00, 0x00, 0x00, 0x00, 0x00, 0x00, 0x00, 0x00, 0x00, 0x00, 0x00, 0x00,
        0x00, 0x00, 0x00, 0x00, 0x00, 0x0C, 0x00, 0x00, 0x00, 0x01, 0xE0, 0x00, 0x00, 0x3F, 0x00, 0x00,
        0x00, 0x03, 0xF8, 0x00, 0x00, 0x3F, 0x80, 0x00, 0x00, 0x03, 0x9E, 0x00, 0x00, 0x71, 0xC0, 0x00,
        0x00, 0x03, 0x07, 0x80, 0x00, 0xE1, 0xC0, 0x00, 0x00, 0x03, 0x03, 0xFF, 0xFF, 0xE0, 0xE0, 0x00,
        0x00, 0x03, 0x00, 0xFF, 0xFF, 0xE0, 0x60, 0x00, 0x00, 0x03, 0x00, 0x20, 0x00, 0x00, 0x70, 0x00,
        0x00, 0x03, 0x00, 0x00, 0x00, 0x00, 0x30, 0x00, 0x00, 0x03, 0x00, 0x00, 0x00, 0x00, 0x38, 0x00,
        0x00, 0x07, 0x00, 0x00, 0x00, 0x00, 0x1C, 0x00, 0x00, 0x06, 0x00, 0x00, 0x00, 0x00, 0x0E, 0x00,
        0x00, 0x0E, 0x00, 0x00, 0x00, 0x00, 0x07, 0x00, 0x00, 0x1C, 0x00, 0x00, 0x00, 0x00, 0x03, 0x80,
        0x00, 0x38, 0x00, 0x18, 0x00, 0x30, 0x01, 0xC0, 0x00, 0x70, 0x00, 0x38, 0x00, 0x38, 0x00, 0xE0,
        0x00, 0xE0, 0x00, 0x38, 0x00, 0x38, 0x00, 0x70, 0x00, 0xE0, 0x00, 0x38, 0x00, 0x38, 0x00, 0x38,
        0x01, 0xC0, 0x00, 0x38, 0x00, 0x38, 0x00, 0x10, 0x03, 0x80, 0x00, 0x38, 0xFC, 0x38, 0x00, 0x00,
        0x03, 0x00, 0x00, 0x1F, 0xFE, 0x38, 0x00, 0x00, 0x00, 0x00, 0x00, 0x1F, 0x86, 0x38, 0x00, 0x60,
        0x00, 0x60, 0x00, 0x3E, 0x03, 0x3F, 0xC0, 0x70, 0x00, 0xE0, 0x00, 0x38, 0x07, 0x1F, 0xE0, 0x38,
        0x01, 0xC0, 0x00, 0x70, 0x1E, 0x18, 0x70, 0x38, 0x00, 0x80, 0x00, 0xE0, 0x7C, 0x18, 0x38, 0x08,
        0x00, 0x18, 0x01, 0xC0, 0xF0, 0x18, 0x19, 0x80, 0x00, 0x18, 0x03, 0x81, 0xC0, 0x1C, 0x19, 0x80,
        0x00, 0x38, 0x03, 0x01, 0x80, 0x0E, 0x19, 0xC0, 0x00, 0x3F, 0xE7, 0x03, 0x80, 0x06, 0x1D, 0xC0,
        0x00, 0x1F, 0xE6, 0x07, 0x00, 0x06, 0x1F, 0xC0, 0x00, 0x00, 0x66, 0x06, 0x00, 0x00, 0x1F, 0x00,
        0x00, 0x00, 0x60, 0x0E, 0x00, 0x00, 0x18, 0x00, 0x00, 0x00, 0x60, 0x1C, 0x00, 0x00, 0x18, 0x00,
        0x00, 0x00, 0x60, 0x18, 0x00, 0x00, 0x18, 0x00, 0x00, 0x00, 0x60, 0x18, 0x00, 0x00, 0x18, 0x00,
        0x00, 0x00, 0x60, 0x00, 0x00, 0x00, 0x18, 0x00, 0x00, 0x00, 0x60, 0x00, 0x00, 0x00, 0x18, 0x00,
        0x00, 0x00, 0x60, 0x00, 0x00, 0x00, 0x18, 0x00, 0x00, 0x00, 0x60, 0x00, 0x00, 0x00, 0x18, 0x00,
        0x00, 0x00, 0x60, 0x00, 0x00, 0x00, 0x18, 0x00, 0x00, 0x00, 0x60, 0x00, 0x00, 0x00, 0x18, 0x00,
        0x00, 0x00, 0x30, 0x00, 0x00, 0x00, 0x18, 0x00, 0x00, 0x00, 0x30, 0x00, 0x00, 0x00, 0x10, 0x00,
        0x00, 0x00, 0x30, 0x00, 0x00, 0x00, 0x30, 0x00, 0x00, 0x00, 0x18, 0x00, 0x00, 0x00, 0x30, 0x00,
        0x00, 0x00, 0x18, 0x00, 0x00, 0x00, 0x30, 0x00, 0x00, 0x00, 0x0C, 0x00, 0x00, 0x00, 0x30, 0x00,
        0x00, 0x00, 0x0C, 0x00, 0x00, 0x00, 0x30, 0x00, 0x00, 0x00, 0x06, 0x00, 0x00, 0x00, 0x70, 0x00,
        0x00, 0x00, 0x07, 0x00, 0x00, 0x00, 0x60, 0x00, 0x00, 0x00, 0x03, 0x80, 0x00, 0x00, 0x60, 0x00,
        0x00, 0x00, 0x01, 0xC0, 0x7F, 0xC0, 0x60, 0x00, 0x00, 0x00, 0x00, 0xE0, 0xFF, 0xF8, 0x60, 0x00,
        0x00, 0x00, 0x00, 0x71, 0xC0, 0x3E, 0xE0, 0x00, 0x00, 0x00, 0x00, 0x3F, 0x80, 0x0F, 0xC0, 0x00,
        0x00, 0x00, 0x00, 0x0F, 0x80, 0x03, 0x80, 0x00, 0x00, 0x00, 0x00, 0x00, 0x00, 0x00, 0x00, 0x00,
    },
    { /* frame-12 */
        0x00, 0x00, 0x00, 0x00, 0x00, 0x00, 0x00, 0x00, 0x00, 0x00, 0x00, 0x00, 0x00, 0x00, 0x00, 0x00,
        0x00, 0x00, 0x00, 0x00, 0x00, 0x00, 0x00, 0x00, 0x00, 0x00, 0x00, 0x00, 0x00, 0x00, 0x00, 0x00,
        0x00, 0x00, 0x00, 0x00, 0x00, 0x3C, 0x00, 0x00, 0x00, 0x01, 0x80, 0x00, 0x00, 0x7E, 0x00, 0x00,
        0x00, 0x07, 0xF0, 0x00, 0x00, 0xE6, 0x00, 0x00, 0x00, 0x07, 0xFC, 0x00, 0x00, 0xC7, 0x00, 0x00,
        0x00, 0x06, 0x1E, 0x00, 0x07, 0xC3, 0x80, 0x00, 0x00, 0x0E, 0x07, 0xFF, 0xFF, 0x81, 0x80, 0x00,
        0x00, 0x06, 0x01, 0xFF, 0xFF, 0x01, 0xC0, 0x00, 0x00, 0x06, 0x00, 0x00, 0x00, 0x00, 0xC0, 0x00,
        0x00, 0x06, 0x00, 0x00, 0x00, 0x00, 0xE0, 0x00, 0x00, 0x06, 0x00, 0x00, 0x00, 0x00, 0x70, 0x00,
        0x00, 0x06, 0x00, 0x00, 0x00, 0x00, 0x38, 0x00, 0x00, 0x0E, 0x00, 0x00, 0x00, 0x00, 0x1C, 0x00,
        0x00, 0x0C, 0x00, 0x00, 0x00, 0x00, 0x0E, 0x00, 0x00, 0x1C, 0x00, 0x00, 0x00, 0x00, 0x07, 0x00,
        0x00, 0x38, 0x00, 0x00, 0x00, 0x60, 0x03, 0x80, 0x00, 0x70, 0x00, 0x70, 0x00, 0x70, 0x01, 0xC0,
        0x00, 0x60, 0x00, 0x70, 0x00, 0x70, 0x00, 0xE0, 0x00, 0xE0, 0x00, 0x70, 0x00, 0x70, 0x00, 0x60,
        0x01, 0xC0, 0x00, 0x70, 0x00, 0x70, 0x00, 0x20, 0x03, 0x80, 0x00, 0x70, 0x00, 0x70, 0x00, 0x00,
        0x03, 0x00, 0x00, 0x71, 0xF8, 0x70, 0x00, 0x00, 0x07, 0x00, 0x00, 0x7F, 0xF8, 0x70, 0x00, 0xC0,
        0x06, 0x00, 0x00, 0x7E, 0x0C, 0x70, 0x00, 0xE0, 0x00, 0x80, 0x00, 0x78, 0x0C, 0x31, 0xFC, 0x60,
        0x01, 0xC0, 0x00, 0x70, 0x1C, 0x03, 0xFC, 0x70, 0x01, 0x80, 0x00, 0xE0, 0x78, 0x07, 0x06, 0x30,
        0x03, 0x80, 0x01, 0xC0, 0xF0, 0x06, 0x07, 0x00, 0x00, 0x00, 0x03, 0x81, 0xC0, 0x06, 0x0F, 0x00,
        0x00, 0x30, 0x03, 0x03, 0x80, 0x06, 0x1F, 0x80, 0x00, 0x70, 0x06, 0x03, 0x00, 0x0E, 0x1F, 0x80,
        0x00, 0x7F, 0x8E, 0x06, 0x00, 0x0C, 0x1F, 0x80, 0x00, 0x7F, 0xCC, 0x0E, 0x00, 0x08, 0x1E, 0x00,
        0x00, 0x3F, 0xCC, 0x0C, 0x00, 0x00, 0x18, 0x00, 0x00, 0x00, 0xC0, 0x1C, 0x00, 0x00, 0x18, 0x00,
        0x00, 0x00, 0xC0, 0x18, 0x00, 0x00, 0x18, 0x00, 0x00, 0x00, 0xC0, 0x38, 0x00, 0x00, 0x30, 0x00,
        0x00, 0x00, 0xC0, 0x30, 0x00, 0x00, 0x30, 0x00, 0x00, 0x00, 0xC0, 0x00, 0x00, 0x00, 0x30, 0x00,
        0x00, 0x00, 0xC0, 0x00, 0x00, 0x00, 0x30, 0x00, 0x00, 0x00, 0xC0, 0x00, 0x00, 0x00, 0x30, 0x00,
        0x00, 0x00, 0x60, 0x00, 0x00, 0x00, 0x30, 0x00, 0x00, 0x00, 0x60, 0x00, 0x00, 0x00, 0x30, 0x00,
        0x00, 0x00, 0x60, 0x00, 0x00, 0x00, 0x30, 0x00, 0x00, 0x00, 0x60, 0x00, 0x00, 0x00, 0x30, 0x00,
        0x00, 0x00, 0x60, 0x00, 0x00, 0x00, 0x30, 0x00, 0x00, 0x00, 0x70, 0x00, 0x00, 0x00, 0x30, 0x00,
        0x00, 0x00, 0x30, 0x00, 0x00, 0x00, 0x30, 0x00, 0x00, 0x00, 0x30, 0x00, 0x00, 0x00, 0x60, 0x00,
        0x00, 0x00, 0x38, 0x00, 0x00, 0x00, 0x60, 0x00, 0x00, 0x01, 0xF8, 0x00, 0x00, 0x00, 0x60, 0x00,
        0x00, 0x01, 0xFC, 0x00, 0x00, 0x00, 0x60, 0x00, 0x00, 0x00, 0x0E, 0x00, 0x00, 0x00, 0x60, 0x00,
        0x00, 0x00, 0x87, 0x00, 0xF8, 0x00, 0x60, 0x00, 0x00, 0x01, 0xC7, 0x03, 0xFF, 0x80, 0x60, 0x00,
        0x00, 0x00, 0x0F, 0x87, 0x03, 0xE0, 0x60, 0x00, 0x00, 0x00, 0x3D, 0xE6, 0x00, 0xF8, 0x60, 0x00,
        0x00, 0x00, 0x30, 0x7C, 0x00, 0x1E, 0xE0, 0x00, 0x00, 0x00, 0x00, 0x38, 0x00, 0x07, 0xC0, 0x00,
        0x00, 0x00, 0x00, 0x00, 0x00, 0x03, 0x80, 0x00, 0x00, 0x00, 0x00, 0x00, 0x00, 0x00, 0x00, 0x00,
    },
    { /* frame-13 */
        0x00, 0x00, 0x00, 0x00, 0x00, 0x00, 0x00, 0x00, 0x00, 0x00, 0x00, 0x00, 0x00, 0x00, 0x00, 0x00,
        0x00, 0x00, 0x00, 0x00, 0x00, 0x00, 0x00, 0x00, 0x00, 0x00, 0x00, 0x00, 0x00, 0x00, 0x00, 0x00,
        0x00, 0x00, 0x00, 0x00, 0x00, 0x3C, 0x00, 0x00, 0x00, 0x01, 0x80, 0x00, 0x00, 0x7E, 0x00, 0x00,
        0x00, 0x07, 0xF0, 0x00, 0x00, 0xE6, 0x00, 0x00, 0x00, 0x07, 0xFC, 0x00, 0x00, 0xC7, 0x00, 0x00,
        0x00, 0x06, 0x1E, 0x00, 0x07, 0xC3, 0x80, 0x00, 0x00, 0x0E, 0x07, 0xFF, 0xFF, 0x81, 0x80, 0x00,
        0x00, 0x06, 0x01, 0xFF, 0xFF, 0x01, 0xC0, 0x00, 0x00, 0x06, 0x00, 0x00, 0x00, 0x00, 0xC0, 0x00,
        0x00, 0x06, 0x00, 0x00, 0x00, 0x00, 0xE0, 0x00, 0x00, 0x06, 0x00, 0x00, 0x00, 0x00, 0x70, 0x00,
        0x00, 0x06, 0x00, 0x00, 0x00, 0x00, 0x38, 0x00, 0x00, 0x0E, 0x00, 0x00, 0x00, 0x00, 0x1C, 0x00,
        0x00, 0x0C, 0x00, 0x00, 0x00, 0x00, 0x0E, 0x00, 0x00, 0x1C, 0x00, 0x00, 0x00, 0x00, 0x07, 0x00,
        0x00, 0x38, 0x00, 0x00, 0x00, 0x60, 0x03, 0x80, 0x00, 0x70, 0x00, 0x70, 0x00, 0x70, 0x01, 0xC0,
        0x00, 0x60, 0x00, 0x70, 0x00, 0x70, 0x00, 0xE0, 0x00, 0xE0, 0x00, 0x70, 0x00, 0x70, 0x00, 0x60,
        0x01, 0xC0, 0x00, 0x70, 0x00, 0x70, 0x00, 0x20, 0x03, 0x80, 0x00, 0x70, 0x00, 0x70, 0x00, 0x00,
        0x03, 0x00, 0x00, 0x71, 0xF8, 0x70, 0x00, 0x00, 0x07, 0x00, 0x00, 0x7F, 0xF8, 0x70, 0x00, 0xC0,
        0x06, 0x00, 0x00, 0x7E, 0x1C, 0x70, 0x00, 0xE0, 0x00, 0x00, 0x00, 0x78, 0x0C, 0x31, 0xFC, 0x60,
        0x01, 0xC0, 0x00, 0x70, 0x1C, 0x03, 0xFC, 0x70, 0x01, 0x80, 0x00, 0xE0, 0x78, 0x07, 0x06, 0x30,
        0x03, 0x80, 0x01, 0xC0, 0xF0, 0x06, 0x07, 0x00, 0x00, 0x00, 0x03, 0x81, 0xC0, 0x06, 0x0F, 0x00,
        0x00, 0x30, 0x03, 0x03, 0x80, 0x06, 0x1F, 0x80, 0x00, 0x70, 0x06, 0x03, 0x00, 0x0E, 0x1F, 0x80,
        0x00, 0x7F, 0x8E, 0x06, 0x00, 0x0C, 0x1F, 0x80, 0x00, 0x7F, 0xCC, 0x0E, 0x00, 0x08, 0x1E, 0x00,
        0x00, 0x3F, 0xCC, 0x0C, 0x00, 0x00, 0x18, 0x00, 0x00, 0x00, 0xC0, 0x1C, 0x00, 0x00, 0x18, 0x00,
        0x00, 0x00, 0xC0, 0x18, 0x00, 0x00, 0x18, 0x00, 0x00, 0x00, 0xC0, 0x38, 0x00, 0x00, 0x30, 0x00,
        0x00, 0x00, 0xC0, 0x30, 0x00, 0x00, 0x30, 0x00, 0x00, 0x00, 0xC0, 0x00, 0x00, 0x00, 0x30, 0x00,
        0x00, 0x00, 0xC0, 0x00, 0x00, 0x00, 0x30, 0x00, 0x00, 0x00, 0xC0, 0x00, 0x00, 0x00, 0x30, 0x00,
        0x00, 0x00, 0x60, 0x00, 0x00, 0x00, 0x30, 0x00, 0x00, 0x00, 0x60, 0x00, 0x00, 0x00, 0x30, 0x00,
        0x00, 0x00, 0x60, 0x00, 0x00, 0x00, 0x30, 0x00, 0x00, 0x00, 0x60, 0x00, 0x00, 0x00, 0x30, 0x00,
        0x00, 0x00, 0x60, 0x00, 0x00, 0x00, 0x30, 0x00, 0x00, 0x00, 0x70, 0x00, 0x00, 0x00, 0x30, 0x00,
        0x00, 0x00, 0x30, 0x00, 0x00, 0x00, 0x30, 0x00, 0x00, 0x00, 0x30, 0x00, 0x00, 0x00, 0x60, 0x00,
        0x00, 0x00, 0x38, 0x00, 0x00, 0x00, 0x60, 0x00, 0x00, 0x01, 0xF8, 0x00, 0x00, 0x00, 0x60, 0x00,
        0x00, 0x01, 0xFC, 0x00, 0x00, 0x00, 0x60, 0x00, 0x00, 0x00, 0x0E, 0x00, 0x00, 0x00, 0x60, 0x00,
        0x00, 0x00, 0x87, 0x00, 0xF8, 0x00, 0x60, 0x00, 0x00, 0x01, 0xC7, 0x03, 0xFF, 0x80, 0x60, 0x00,
        0x00, 0x00, 0x0F, 0x87, 0x03, 0xE0, 0x60, 0x00, 0x00, 0x00, 0x3D, 0xE6, 0x00, 0xF8, 0x60, 0x00,
        0x00, 0x00, 0x38, 0x7C, 0x00, 0x1E, 0xC0, 0x00, 0x00, 0x00, 0x00, 0x38, 0x00, 0x07, 0xC0, 0x00,
        0x00, 0x00, 0x00, 0x00, 0x00, 0x03, 0x80, 0x00, 0x00, 0x00, 0x00, 0x00, 0x00, 0x00, 0x00, 0x00,
    },
    { /* frame-14 */
        0x00, 0x00, 0x00, 0x00, 0x00, 0x00, 0x00, 0x00, 0x00, 0x00, 0x00, 0x00, 0x00, 0x00, 0x00, 0x00,
        0x00, 0x00, 0x00, 0x00, 0x00, 0x00, 0x00, 0x00, 0x00, 0x00, 0x00, 0x00, 0x00, 0x70, 0x00, 0x00,
        0x00, 0x00, 0x00, 0x00, 0x00, 0xF8, 0x00, 0x00, 0x00, 0x07, 0x80, 0x00, 0x01, 0xDC, 0x00, 0x00,
        0x00, 0x07, 0xF0, 0x00, 0x01, 0x8E, 0x00, 0x00, 0x00, 0x0F, 0xF8, 0x00, 0x03, 0x07, 0x00, 0x00,
        0x00, 0x0C, 0x1E, 0x1F, 0xFF, 0x03, 0x80, 0x00, 0x00, 0x0C, 0x0F, 0xFF, 0xFF, 0x01, 0x80, 0x00,
        0x00, 0x0C, 0x03, 0xFE, 0x00, 0x01, 0xC0, 0x00, 0x00, 0x0C, 0x00, 0x00, 0x00, 0x00, 0xE0, 0x00,
        0x00, 0x0C, 0x00, 0x00, 0x00, 0x00, 0x70, 0x00, 0x00, 0x0C, 0x00, 0x00, 0x00, 0x00, 0x70, 0x00,
        0x00, 0x1C, 0x00, 0x00, 0x00, 0x00, 0x38, 0x00, 0x00, 0x18, 0x00, 0x00, 0x00, 0x00, 0x1C, 0x00,
        0x00, 0x38, 0x00, 0x00, 0x00, 0x00, 0x0E, 0x00, 0x00, 0x70, 0x00, 0x00, 0x00, 0xC0, 0x07, 0x00,
        0x00, 0x60, 0x00, 0x60, 0x00, 0xE0, 0x03, 0x80, 0x00, 0xE0, 0x00, 0xE0, 0x00, 0xE0, 0x01, 0xC0,
        0x01, 0xC0, 0x00, 0xE0, 0x00, 0xE0, 0x00, 0xE0, 0x03, 0x80, 0x00, 0xE0, 0x00, 0xE0, 0x00, 0x60,
        0x03, 0x00, 0x00, 0xE0, 0x40, 0xE0, 0x00, 0x00, 0x07, 0x00, 0x00, 0xF7, 0xF0, 0xE0, 0x00, 0x00,
        0x0E, 0x00, 0x00, 0xFF, 0xB8, 0xE0, 0x01, 0xC0, 0x0C, 0x00, 0x00, 0x7C, 0x18, 0xE0, 0x01, 0xC0,
        0x00, 0x00, 0x00, 0xF0, 0x18, 0x7F, 0x00, 0xE0, 0x01, 0x00, 0x00, 0xE0, 0x38, 0x7F, 0x80, 0x60,
        0x03, 0x80, 0x01, 0xC0, 0xF8, 0xE1, 0xC0, 0x20, 0x03, 0x00, 0x03, 0x81, 0xE0, 0xC0, 0xC6, 0x00,
        0x03, 0x00, 0x07, 0x03, 0x80, 0x60, 0xE7, 0x00, 0x00, 0x00, 0x0E, 0x07, 0x00, 0x70, 0x63, 0x00,
        0x00, 0x60, 0x0C, 0x06, 0x00, 0x30, 0x63, 0x00, 0x00, 0x60, 0x1C, 0x0C, 0x00, 0x30, 0x7F, 0x00,
        0x00, 0xFF, 0xD8, 0x1C, 0x00, 0x10, 0x7E, 0x00, 0x00, 0x7F, 0xD8, 0x18, 0x00, 0x00, 0x60, 0x00,
        0x00, 0x00, 0xC0, 0x38, 0x00, 0x00, 0x60, 0x00, 0x00, 0x00, 0xC0, 0x30, 0x00, 0x00, 0x60, 0x00,
        0x00, 0x00, 0xC0, 0x70, 0x00, 0x00, 0x60, 0x00, 0x00, 0x00, 0xC0, 0x60, 0x00, 0x00, 0x60, 0x00,
        0x00, 0x00, 0xC0, 0x00, 0x00, 0x00, 0x60, 0x00, 0x00, 0x00, 0xC0, 0x00, 0x00, 0x00, 0x60, 0x00,
        0x00, 0x00, 0xC0, 0x00, 0x00, 0x00, 0x60, 0x00, 0x00, 0x00, 0xC0, 0x00, 0x00, 0x00, 0x60, 0x00,
        0x00, 0x00, 0x60, 0x00, 0x00, 0x00, 0x60, 0x00, 0x00, 0x00, 0x60, 0x00, 0x00, 0x00, 0x60, 0x00,
        0x00, 0x00, 0x60, 0x00, 0x00, 0x00, 0x60, 0x00, 0x00, 0x00, 0x60, 0x00, 0x00, 0x00, 0x60, 0x00,
        0x00, 0x00, 0x60, 0x00, 0x00, 0x00, 0x60, 0x00, 0x00, 0x00, 0x70, 0x00, 0x00, 0x00, 0x60, 0x00,
        0x00, 0x00, 0x30, 0x00, 0x00, 0x00, 0x60, 0x00, 0x00, 0x00, 0x30, 0x00, 0x00, 0x00, 0x60, 0x00,
        0x00, 0x00, 0x70, 0x00, 0x00, 0x00, 0x60, 0x00, 0x00, 0x0F, 0xF0, 0x00, 0x00, 0x00, 0x60, 0x00,
        0x00, 0x1F, 0xF8, 0x00, 0x00, 0x00, 0x60, 0x00, 0x00, 0x0E, 0x18, 0x00, 0x00, 0x00, 0x60, 0x00,
        0x00, 0x00, 0x18, 0x1F, 0xFC, 0x00, 0x60, 0x00, 0x00, 0x38, 0x1C, 0x3F, 0xFF, 0x80, 0x60, 0x00,
        0x00, 0x38, 0x3E, 0xF0, 0x07, 0xE0, 0x60, 0x00, 0x00, 0x00, 0xFF, 0xC0, 0x00, 0x78, 0xC0, 0x00,
        0x00, 0x07, 0xE0, 0x00, 0x00, 0x1E, 0xC0, 0x00, 0x00, 0x07, 0x80, 0x00, 0x00, 0x0F, 0xC0, 0x00,
        0x00, 0x00, 0x00, 0x00, 0x00, 0x03, 0x80, 0x00, 0x00, 0x00, 0x00, 0x00, 0x00, 0x00, 0x00, 0x00,
    },
    { /* frame-15 */
        0x00, 0x00, 0x00, 0x00, 0x00, 0x00, 0x00, 0x00, 0x00, 0x00, 0x00, 0x00, 0x00, 0x00, 0x00, 0x00,
        0x00, 0x00, 0x00, 0x00, 0x00, 0x00, 0x00, 0x00, 0x00, 0x00, 0x00, 0x00, 0x01, 0xF0, 0x00, 0x00,
        0x00, 0x00, 0x00, 0x00, 0x01, 0xF8, 0x00, 0x00, 0x00, 0x0C, 0x00, 0x00, 0x03, 0x9C, 0x00, 0x00,
        0x00, 0x1F, 0x80, 0x00, 0x07, 0x0E, 0x00, 0x00, 0x00, 0x3F, 0xE0, 0x00, 0x0E, 0x07, 0x00, 0x00,
        0x00, 0x38, 0xF8, 0x3F, 0xFF, 0x03, 0x00, 0x00, 0x00, 0x30, 0x3F, 0xFF, 0xFE, 0x03, 0x80, 0x00,
        0x00, 0x30, 0x0F, 0xF0, 0x00, 0x01, 0xC0, 0x00, 0x00, 0x30, 0x00, 0x00, 0x00, 0x00, 0xC0, 0x00,
        0x00, 0x38, 0x00, 0x00, 0x00, 0x00, 0xE0, 0x00, 0x00, 0x38, 0x00, 0x00, 0x00, 0x00, 0x70, 0x00,
        0x00, 0x38, 0x00, 0x00, 0x00, 0x00, 0x38, 0x00, 0x00, 0x30, 0x00, 0x00, 0x00, 0x00, 0x1C, 0x00,
        0x00, 0x60, 0x00, 0x00, 0x00, 0x00, 0x0E, 0x00, 0x00, 0xE0, 0x00, 0x00, 0x01, 0x80, 0x07, 0x00,
        0x01, 0xC0, 0x00, 0xC0, 0x01, 0xC0, 0x03, 0x80, 0x01, 0x80, 0x01, 0xC0, 0x01, 0xC0, 0x01, 0xC0,
        0x03, 0x80, 0x01, 0xC0, 0x01, 0xC0, 0x01, 0xC0, 0x07, 0x00, 0x01, 0xC0, 0x01, 0xC0, 0x00, 0xC0,
        0x06, 0x00, 0x01, 0xC3, 0xC1, 0xC0, 0x00, 0x00, 0x0E, 0x00, 0x00, 0xEF, 0xE1, 0xC0, 0x00, 0x00,
        0x1C, 0x00, 0x00, 0xFC, 0x71, 0xC0, 0x01, 0x80, 0x18, 0x00, 0x00, 0xF0, 0x30, 0xC0, 0x01, 0x80,
        0x10, 0x00, 0x01, 0xE0, 0x30, 0xC7, 0xE1, 0xC0, 0x02, 0x00, 0x03, 0x80, 0xE0, 0x0F, 0xF0, 0xE0,
        0x07, 0x00, 0x07, 0x03, 0xE0, 0x1C, 0x30, 0x40, 0x06, 0x00, 0x0E, 0x07, 0x80, 0x18, 0x3C, 0x00,
        0x0E, 0x00, 0x0C, 0x06, 0x00, 0x18, 0x3E, 0x00, 0x00, 0x00, 0x1C, 0x0C, 0x00, 0x30, 0x66, 0x00,
        0x00, 0xC0, 0x18, 0x1C, 0x00, 0x30, 0xE6, 0x00, 0x00, 0xC0, 0x30, 0x18, 0x00, 0x30, 0xFF, 0x00,
        0x01, 0xFF, 0xB0, 0x30, 0x00, 0x20, 0x7E, 0x00, 0x00, 0xFF, 0x80, 0x70, 0x00, 0x00, 0x60, 0x00,
        0x00, 0xF1, 0x80, 0x60, 0x00, 0x00, 0x60, 0x00, 0x00, 0x01, 0x80, 0x60, 0x00, 0x00, 0x60, 0x00,
        0x00, 0x01, 0x80, 0xC0, 0x00, 0x00, 0x60, 0x00, 0x00, 0x00, 0x80, 0x40, 0x00, 0x00, 0x60, 0x00,
        0x00, 0x00, 0xC0, 0x00, 0x00, 0x00, 0x60, 0x00, 0x00, 0x00, 0xC0, 0x00, 0x00, 0x00, 0x60, 0x00,
        0x00, 0x00, 0xC0, 0x00, 0x00, 0x00, 0x60, 0x00, 0x00, 0x00, 0xC0, 0x00, 0x00, 0x00, 0x60, 0x00,
        0x00, 0x00, 0xC0, 0x00, 0x00, 0x00, 0x60, 0x00, 0x00, 0x00, 0xC0, 0x00, 0x00, 0x00, 0x60, 0x00,
        0x00, 0x00, 0xC0, 0x00, 0x00, 0x00, 0x60, 0x00, 0x00, 0x00, 0xC0, 0x00, 0x00, 0x00, 0x60, 0x00,
        0x00, 0x00, 0xC0, 0x00, 0x00, 0x00, 0x60, 0x00, 0x00, 0x00, 0xC0, 0x00, 0x00, 0x00, 0x60, 0x00,
        0x00, 0x00, 0xC0, 0x00, 0x00, 0x00, 0x60, 0x00, 0x00, 0x00, 0xC0, 0x00, 0x00, 0x00, 0x60, 0x00,
        0x00, 0x00, 0xE0, 0x00, 0x00, 0x00, 0x60, 0x00, 0x00, 0x03, 0xE0, 0x00, 0x00, 0x00, 0x60, 0x00,
        0x00, 0xFF, 0xE0, 0x00, 0x00, 0x00, 0x60, 0x00, 0x00, 0xFE, 0x60, 0x00, 0x00, 0x00, 0x60, 0x00,
        0x00, 0x00, 0x60, 0x3F, 0xFC, 0x00, 0x60, 0x00, 0x03, 0x80, 0x70, 0xFF, 0xFF, 0x80, 0x60, 0x00,
        0x03, 0x80, 0xF9, 0xC0, 0x07, 0xE0, 0x60, 0x00, 0x00, 0x07, 0xFF, 0x80, 0x00, 0x78, 0xC0, 0x00,
        0x00, 0x7F, 0x8E, 0x00, 0x00, 0x1E, 0xC0, 0x00, 0x00, 0xFC, 0x00, 0x00, 0x00, 0x0F, 0xC0, 0x00,
        0x00, 0x00, 0x00, 0x00, 0x00, 0x03, 0x80, 0x00, 0x00, 0x00, 0x00, 0x00, 0x00, 0x00, 0x00, 0x00,
    },
    { /* frame-16 */
        0x00, 0x00, 0x00, 0x00, 0x00, 0x00, 0x00, 0x00, 0x00, 0x00, 0x00, 0x00, 0x00, 0x00, 0x00, 0x00,
        0x00, 0x00, 0x00, 0x00, 0x00, 0x00, 0x00, 0x00, 0x00, 0x00, 0x00, 0x00, 0x03, 0xC0, 0x00, 0x00,
        0x00, 0x00, 0x00, 0x00, 0x07, 0xE0, 0x00, 0x00, 0x00, 0x00, 0x00, 0x00, 0x0E, 0x70, 0x00, 0x00,
        0x00, 0x7E, 0x00, 0x00, 0x0C, 0x38, 0x00, 0x00, 0x00, 0x7F, 0x80, 0x00, 0x1C, 0x1C, 0x00, 0x00,
        0x00, 0xC3, 0xE1, 0xFF, 0xFC, 0x0C, 0x00, 0x00, 0x00, 0xC0, 0xFF, 0xFF, 0xFC, 0x0E, 0x00, 0x00,
        0x00, 0xC0, 0x3F, 0xE0, 0x00, 0x07, 0x00, 0x00, 0x00, 0xE0, 0x00, 0x00, 0x00, 0x03, 0x00, 0x00,
        0x00, 0x60, 0x00, 0x00, 0x00, 0x03, 0x80, 0x00, 0x00, 0x60, 0x00, 0x00, 0x00, 0x01, 0xC0, 0x00,
        0x00, 0xE0, 0x00, 0x00, 0x00, 0x00, 0xE0, 0x00, 0x00, 0xE0, 0x00, 0x00, 0x00, 0x00, 0x70, 0x00,
        0x01, 0xC0, 0x00, 0x00, 0x00, 0x00, 0x38, 0x00, 0x01, 0x80, 0x00, 0x00, 0x06, 0x00, 0x1C, 0x00,
        0x03, 0x80, 0x03, 0x00, 0x07, 0x00, 0x0E, 0x00, 0x07, 0x00, 0x07, 0x00, 0x07, 0x00, 0x07, 0x00,
        0x06, 0x00, 0x07, 0x80, 0x07, 0x00, 0x03, 0x80, 0x0E, 0x00, 0x07, 0x80, 0x07, 0x00, 0x01, 0x00,
        0x0C, 0x00, 0x07, 0x87, 0x07, 0x80, 0x00, 0x00, 0x1C, 0x00, 0x07, 0xBF, 0x87, 0x80, 0x00, 0x00,
        0x38, 0x00, 0x07, 0xF9, 0xC7, 0x80, 0x06, 0x00, 0x30, 0x00, 0x07, 0xE0, 0xE7, 0x80, 0x07, 0x00,
        0x30, 0x00, 0x07, 0x80, 0x67, 0xF0, 0x03, 0x80, 0x00, 0x00, 0x0F, 0x00, 0xC3, 0xFC, 0x01, 0x80,
        0x0C, 0x00, 0x1C, 0x07, 0xC7, 0x1C, 0x00, 0x80, 0x0C, 0x00, 0x1C, 0x0F, 0x06, 0x0E, 0x18, 0x00,
        0x0C, 0x00, 0x38, 0x1C, 0x06, 0x07, 0x1C, 0x00, 0x08, 0x00, 0x70, 0x38, 0x03, 0x03, 0x0C, 0x00,
        0x01, 0x80, 0x60, 0x70, 0x01, 0x83, 0x1C, 0x00, 0x01, 0x80, 0xE0, 0x60, 0x01, 0x83, 0xFC, 0x00,
        0x03, 0x80, 0xC0, 0xE0, 0x01, 0x81, 0xF0, 0x00, 0x03, 0xFF, 0x80, 0xC0, 0x01, 0x81, 0x80, 0x00,
        0x01, 0xFF, 0x01, 0x80, 0x01, 0x81, 0x80, 0x00, 0x00, 0x03, 0x03, 0x80, 0x00, 0x01, 0x80, 0x00,
        0x00, 0x03, 0x83, 0x00, 0x00, 0x01, 0x80, 0x00, 0x00, 0x01, 0x83, 0x00, 0x00, 0x01, 0x80, 0x00,
        0x00, 0x01, 0x80, 0x00, 0x00, 0x01, 0x80, 0x00, 0x00, 0x01, 0x80, 0x00, 0x00, 0x01, 0x80, 0x00,
        0x00, 0x01, 0x80, 0x00, 0x00, 0x01, 0xC0, 0x00, 0x00, 0x01, 0x80, 0x00, 0x00, 0x01, 0xC0, 0x00,
        0x00, 0x01, 0x80, 0x00, 0x00, 0x00, 0x80, 0x00, 0x00, 0x01, 0x80, 0x00, 0x00, 0x01, 0x80, 0x00,
        0x00, 0x01, 0x80, 0x00, 0x00, 0x01, 0x80, 0x00, 0x00, 0x00, 0x80, 0x00, 0x00, 0x01, 0x80, 0x00,
        0x00, 0x00, 0xC0, 0x00, 0x00, 0x01, 0x80, 0x00, 0x00, 0x01, 0x80, 0x00, 0x00, 0x01, 0x80, 0x00,
        0x00, 0x01, 0x80, 0x00, 0x00, 0x01, 0x80, 0x00, 0x00, 0x01, 0x80, 0x00, 0x00, 0x01, 0x80, 0x00,
        0x00, 0x01, 0x80, 0x00, 0x00, 0x01, 0x80, 0x00, 0x00, 0x03, 0x80, 0x00, 0x00, 0x01, 0x80, 0x00,
        0x0F, 0xFF, 0x00, 0x00, 0x00, 0x00, 0xC0, 0x00, 0x0F, 0xFF, 0x00, 0x00, 0x00, 0x00, 0xC0, 0x00,
        0x00, 0x07, 0x00, 0x07, 0xC0, 0x00, 0xC0, 0x00, 0x38, 0x06, 0x00, 0xFF, 0xFC, 0x00, 0xC0, 0x00,
        0x38, 0x06, 0x07, 0xF8, 0x7F, 0x80, 0xC0, 0x00, 0x00, 0x1E, 0x7F, 0x80, 0x03, 0xF0, 0xC0, 0x00,
        0x07, 0xFF, 0xF8, 0x00, 0x00, 0x7C, 0xC0, 0x00, 0x0F, 0xFB, 0x80, 0x00, 0x00, 0x1F, 0xC0, 0x00,
        0x0E, 0x00, 0x00, 0x00, 0x00, 0x03, 0x80, 0x00, 0x00, 0x00, 0x00, 0x00, 0x00, 0x00, 0x00, 0x00,
    },
    { /* frame-17 */
        0x00, 0x00, 0x00, 0x00, 0x00, 0x00, 0x00, 0x00, 0x00, 0x00, 0x00, 0x00, 0x00, 0x00, 0x00, 0x00,
        0x00, 0x00, 0x00, 0x00, 0x00, 0x00, 0x00, 0x00, 0x00, 0x00, 0x00, 0x00, 0x0F, 0x00, 0x00, 0x00,
        0x00, 0x00, 0x00, 0x00, 0x1F, 0x80, 0x00, 0x00, 0x00, 0x00, 0x00, 0x00, 0x39, 0xC0, 0x00, 0x00,
        0x00, 0xFC, 0x00, 0x00, 0x30, 0xE0, 0x00, 0x00, 0x01, 0xFF, 0x00, 0x00, 0x70, 0x70, 0x00, 0x00,
        0x01, 0x87, 0xC1, 0xFF, 0xF0, 0x30, 0x00, 0x00, 0x01, 0x81, 0xFF, 0xFF, 0xF0, 0x38, 0x00, 0x00,
        0x01, 0x80, 0x7F, 0xE0, 0x00, 0x18, 0x00, 0x00, 0x01, 0x80, 0x00, 0x00, 0x00, 0x1C, 0x00, 0x00,
        0x01, 0xC0, 0x00, 0x00, 0x00, 0x0E, 0x00, 0x00, 0x01, 0xC0, 0x00, 0x00, 0x00, 0x07, 0x00, 0x00,
        0x01, 0xC0, 0x00, 0x00, 0x00, 0x03, 0x80, 0x00, 0x01, 0xC0, 0x00, 0x00, 0x00, 0x01, 0xC0, 0x00,
        0x03, 0x80, 0x00, 0x00, 0x00, 0x00, 0xE0, 0x00, 0x03, 0x00, 0x00, 0x00, 0x04, 0x00, 0x70, 0x00,
        0x07, 0x00, 0x00, 0x00, 0x0E, 0x00, 0x38, 0x00, 0x0E, 0x00, 0x0E, 0x00, 0x0E, 0x00, 0x1C, 0x00,
        0x0C, 0x00, 0x0E, 0x00, 0x0E, 0x00, 0x0E, 0x00, 0x1C, 0x00, 0x0E, 0x00, 0x0E, 0x00, 0x00, 0x00,
        0x18, 0x00, 0x0E, 0x00, 0x0E, 0x00, 0x00, 0x00, 0x38, 0x00, 0x0E, 0x1F, 0x0E, 0x00, 0x00, 0x00,
        0x70, 0x00, 0x0E, 0x7F, 0x8E, 0x00, 0x1C, 0x00, 0x60, 0x00, 0x07, 0xF1, 0x8E, 0x00, 0x1C, 0x00,
        0xE0, 0x00, 0x07, 0x81, 0xC6, 0x1E, 0x0E, 0x00, 0x00, 0x00, 0x0F, 0x01, 0x80, 0x7F, 0x07, 0x00,
        0x00, 0x00, 0x1C, 0x07, 0x80, 0xF7, 0x80, 0x00, 0x38, 0x00, 0x38, 0x0F, 0x00, 0xC1, 0xE0, 0x00,
        0x30, 0x00, 0x70, 0x1C, 0x00, 0xC1, 0xF0, 0x00, 0x30, 0x00, 0x60, 0x38, 0x01, 0x83, 0x30, 0x00,
        0x00, 0x00, 0xE0, 0x70, 0x01, 0x87, 0x70, 0x00, 0x06, 0x01, 0xC0, 0xE0, 0x01, 0x87, 0xF0, 0x00,
        0x06, 0x01, 0x80, 0xC0, 0x03, 0x07, 0xC0, 0x00, 0x06, 0xF9, 0x81, 0x80, 0x03, 0x06, 0x00, 0x00,
        0x07, 0xFC, 0x03, 0x80, 0x02, 0x06, 0x00, 0x00, 0x07, 0xFE, 0x03, 0x00, 0x00, 0x03, 0x00, 0x00,
        0x00, 0x06, 0x07, 0x00, 0x00, 0x03, 0x00, 0x00, 0x00, 0x06, 0x06, 0x00, 0x00, 0x03, 0x00, 0x00,
        0x00, 0x06, 0x00, 0x00, 0x00, 0x03, 0x00, 0x00, 0x00, 0x06, 0x00, 0x00, 0x00, 0x03, 0x00, 0x00,
        0x00, 0x03, 0x00, 0x00, 0x00, 0x03, 0x00, 0x00, 0x00, 0x03, 0x00, 0x00, 0x00, 0x03, 0x00, 0x00,
        0x00, 0x03, 0x00, 0x00, 0x00, 0x03, 0x00, 0x00, 0x00, 0x03, 0x00, 0x00, 0x00, 0x03, 0x00, 0x00,
        0x00, 0x03, 0x00, 0x00, 0x00, 0x03, 0x00, 0x00, 0x00, 0x03, 0x00, 0x00, 0x00, 0x03, 0x00, 0x00,
        0x00, 0x03, 0x00, 0x00, 0x00, 0x03, 0x00, 0x00, 0x00, 0x03, 0x00, 0x00, 0x00, 0x03, 0x00, 0x00,
        0x00, 0x06, 0x00, 0x00, 0x00, 0x03, 0x00, 0x00, 0x00, 0x06, 0x00, 0x00, 0x00, 0x03, 0x00, 0x00,
        0x00, 0x06, 0x00, 0x00, 0x00, 0x03, 0x00, 0x00, 0x60, 0x1E, 0x00, 0x00, 0x00, 0x03, 0x00, 0x00,
        0x7F, 0xFC, 0x00, 0x00, 0x00, 0x03, 0x00, 0x00, 0x3F, 0xFC, 0x00, 0x00, 0x00, 0x01, 0x80, 0x00,
        0x80, 0x1C, 0x00, 0x00, 0x00, 0x01, 0x80, 0x00, 0x80, 0x18, 0x00, 0x3F, 0xF8, 0x01, 0x80, 0x00,
        0x00, 0x38, 0x07, 0xFF, 0xFF, 0x01, 0x80, 0x00, 0x03, 0xF8, 0x7F, 0xE0, 0x0F, 0xE1, 0xC0, 0x00,
        0xFF, 0xFF, 0xFC, 0x00, 0x00, 0xF9, 0xC0, 0x00, 0xFE, 0x0F, 0xC0, 0x00, 0x00, 0x3F, 0x80, 0x00,
        0x00, 0x06, 0x00, 0x00, 0x00, 0x0F, 0x80, 0x00, 0x00, 0x00, 0x00, 0x00, 0x00, 0x00, 0x00, 0x00,
    },
    { /* frame-18 */
        0x00, 0x00, 0x00, 0x00, 0x00, 0x00, 0x00, 0x00, 0x00, 0x00, 0x00, 0x00, 0x00, 0x00, 0x00, 0x00,
        0x00, 0x00, 0x00, 0x00, 0x00, 0x00, 0x00, 0x00, 0x00, 0x00, 0x00, 0x00, 0x1C, 0x00, 0x00, 0x00,
        0x00, 0x00, 0x00, 0x00, 0x3F, 0x00, 0x00, 0x00, 0x00, 0x00, 0x00, 0x00, 0x77, 0x80, 0x00, 0x00,
        0x01, 0xF0, 0x00, 0x00, 0x61, 0xC0, 0x00, 0x00, 0x03, 0xFC, 0x00, 0x00, 0xE0, 0xC0, 0x00, 0x00,
        0x03, 0x1F, 0x00, 0xFF, 0xC0, 0xE0, 0x00, 0x00, 0x03, 0x07, 0xFF, 0xFF, 0xE0, 0x70, 0x00, 0x00,
        0x03, 0x01, 0xFF, 0xFC, 0x00, 0x30, 0x00, 0x00, 0x03, 0x00, 0x40, 0x00, 0x00, 0x38, 0x00, 0x00,
        0x03, 0x00, 0x00, 0x00, 0x00, 0x1C, 0x00, 0x00, 0x03, 0x00, 0x00, 0x00, 0x00, 0x1E, 0x00, 0x00,
        0x03, 0x80, 0x00, 0x00, 0x00, 0x0F, 0x00, 0x00, 0x03, 0x00, 0x00, 0x00, 0x00, 0x07, 0x80, 0x00,
        0x07, 0x00, 0x00, 0x00, 0x00, 0x01, 0xC0, 0x00, 0x06, 0x00, 0x00, 0x00, 0x00, 0x00, 0xE0, 0x00,
        0x0E, 0x00, 0x00, 0x00, 0x38, 0x00, 0x70, 0x00, 0x1C, 0x00, 0x1C, 0x00, 0x38, 0x00, 0x38, 0x00,
        0x18, 0x00, 0x1C, 0x00, 0x38, 0x00, 0x18, 0x00, 0x38, 0x00, 0x1C, 0x00, 0x1C, 0x00, 0x08, 0x00,
        0x70, 0x00, 0x1C, 0x00, 0x1C, 0x00, 0x00, 0x00, 0x60, 0x00, 0x1C, 0x3E, 0x1C, 0x00, 0x00, 0x00,
        0xE0, 0x00, 0x1C, 0xFF, 0x1C, 0x00, 0x30, 0x00, 0xC0, 0x00, 0x1F, 0xE3, 0x9C, 0x00, 0x38, 0x00,
        0x80, 0x00, 0x1F, 0x81, 0x9C, 0x00, 0x1C, 0x00, 0x80, 0x00, 0x1E, 0x01, 0x88, 0x00, 0x0C, 0x00,
        0x00, 0x00, 0x3C, 0x03, 0x8F, 0xC0, 0x00, 0x00, 0x60, 0x00, 0x70, 0x1F, 0x1F, 0xF0, 0xC0, 0x00,
        0x60, 0x00, 0xE0, 0x3C, 0x18, 0x70, 0xC0, 0x00, 0xE0, 0x00, 0xE0, 0x70, 0x18, 0x38, 0xE0, 0x00,
        0x00, 0x01, 0xC0, 0xE0, 0x18, 0x1C, 0x60, 0x00, 0x0C, 0x03, 0x81, 0xC0, 0x0C, 0x0F, 0xE0, 0x00,
        0x0C, 0x03, 0x81, 0x80, 0x06, 0x0F, 0xC0, 0x00, 0x1C, 0x01, 0x03, 0x80, 0x06, 0x0C, 0x00, 0x00,
        0x1F, 0xF0, 0x07, 0x00, 0x06, 0x0C, 0x00, 0x00, 0x0F, 0xF0, 0x06, 0x00, 0x02, 0x0C, 0x00, 0x00,
        0x00, 0x18, 0x0E, 0x00, 0x00, 0x06, 0x00, 0x00, 0x00, 0x18, 0x0C, 0x00, 0x00, 0x06, 0x00, 0x00,
        0x00, 0x18, 0x08, 0x00, 0x00, 0x06, 0x00, 0x00, 0x00, 0x0C, 0x00, 0x00, 0x00, 0x06, 0x00, 0x00,
        0x00, 0x0C, 0x00, 0x00, 0x00, 0x07, 0x00, 0x00, 0x00, 0x0C, 0x00, 0x00, 0x00, 0x03, 0x00, 0x00,
        0x00, 0x0C, 0x00, 0x00, 0x00, 0x07, 0x00, 0x00, 0x00, 0x06, 0x00, 0x00, 0x00, 0x07, 0x00, 0x00,
        0x00, 0x06, 0x00, 0x00, 0x00, 0x06, 0x00, 0x00, 0x00, 0x06, 0x00, 0x00, 0x00, 0x06, 0x00, 0x00,
        0x00, 0x06, 0x00, 0x00, 0x00, 0x06, 0x00, 0x00, 0x00, 0x06, 0x00, 0x00, 0x00, 0x06, 0x00, 0x00,
        0x00, 0x06, 0x00, 0x00, 0x00, 0x0C, 0x00, 0x00, 0x00, 0x0E, 0x00, 0x00, 0x00, 0x0C, 0x00, 0x00,
        0x80, 0x1C, 0x00, 0x00, 0x00, 0x0C, 0x00, 0x00, 0xFF, 0xFC, 0x00, 0x00, 0x00, 0x0C, 0x00, 0x00,
        0xFF, 0xF8, 0x00, 0x00, 0x00, 0x06, 0x00, 0x00, 0x00, 0x30, 0x00, 0x00, 0x00, 0x06, 0x00, 0x00,
        0x00, 0x70, 0x00, 0x00, 0x00, 0x03, 0x00, 0x00, 0x00, 0xE0, 0x00, 0x00, 0x00, 0x01, 0x80, 0x00,
        0x0F, 0xC0, 0x00, 0xFF, 0xFF, 0x01, 0x80, 0x00, 0xFF, 0xC0, 0x7F, 0xFF, 0xFF, 0xE0, 0xC0, 0x00,
        0xF8, 0xC3, 0xFE, 0x00, 0x00, 0xF9, 0xC0, 0x00, 0x00, 0xFF, 0xC0, 0x00, 0x00, 0x3F, 0x80, 0x00,
        0x00, 0x7C, 0x00, 0x00, 0x00, 0x0F, 0x80, 0x00, 0x00, 0x00, 0x00, 0x00, 0x00, 0x00, 0x00, 0x00,
    },
    { /* frame-19 */
        0x00, 0x00, 0x00, 0x00, 0x00, 0x00, 0x00, 0x00, 0x00, 0x00, 0x00, 0x00, 0x00, 0x00, 0x00, 0x00,
        0x00, 0x00, 0x00, 0x00, 0x00, 0x00, 0x00, 0x00, 0x00, 0x00, 0x00, 0x00, 0x1C, 0x00, 0x00, 0x00,
        0x00, 0x00, 0x00, 0x00, 0x3F, 0x00, 0x00, 0x00, 0x00, 0x00, 0x00, 0x00, 0x77, 0x80, 0x00, 0x00,
        0x01, 0xF0, 0x00, 0x00, 0x61, 0xC0, 0x00, 0x00, 0x03, 0xFC, 0x00, 0x00, 0xE0, 0xC0, 0x00, 0x00,
        0x03, 0x1F, 0x00, 0xFF, 0xC0, 0xE0, 0x00, 0x00, 0x03, 0x07, 0xFF, 0xFF, 0xE0, 0x70, 0x00, 0x00,
        0x03, 0x01, 0xFF, 0xF0, 0x00, 0x30, 0x00, 0x00, 0x03, 0x00, 0x70, 0x00, 0x00, 0x38, 0x00, 0x00,
        0x03, 0x00, 0x00, 0x00, 0x00, 0x1C, 0x00, 0x00, 0x03, 0x00, 0x00, 0x00, 0x00, 0x1E, 0x00, 0x00,
        0x03, 0x80, 0x00, 0x00, 0x00, 0x0F, 0x00, 0x00, 0x03, 0x00, 0x00, 0x00, 0x00, 0x07, 0x80, 0x00,
        0x07, 0x00, 0x00, 0x00, 0x00, 0x01, 0xC0, 0x00, 0x06, 0x00, 0x00, 0x00, 0x00, 0x00, 0xE0, 0x00,
        0x0E, 0x00, 0x00, 0x00, 0x38, 0x00, 0x70, 0x00, 0x1C, 0x00, 0x1C, 0x00, 0x38, 0x00, 0x78, 0x00,
        0x18, 0x00, 0x1C, 0x00, 0x38, 0x00, 0x18, 0x00, 0x38, 0x00, 0x1C, 0x00, 0x1C, 0x00, 0x08, 0x00,
        0x70, 0x00, 0x1C, 0x00, 0x1C, 0x00, 0x00, 0x00, 0x60, 0x00, 0x1C, 0x3E, 0x1C, 0x00, 0x00, 0x00,
        0xE0, 0x00, 0x1C, 0xFF, 0x1C, 0x00, 0x30, 0x00, 0xC0, 0x00, 0x1F, 0xE3, 0x9C, 0x00, 0x38, 0x00,
        0x80, 0x00, 0x1F, 0x01, 0x9C, 0x00, 0x1C, 0x00, 0x80, 0x00, 0x1E, 0x01, 0x88, 0x00, 0x0C, 0x00,
        0x00, 0x00, 0x3C, 0x03, 0x8F, 0xC0, 0x00, 0x00, 0x60, 0x00, 0x70, 0x1F, 0x1F, 0xF0, 0xC0, 0x00,
        0x60, 0x00, 0xE0, 0x3C, 0x18, 0x70, 0xC0, 0x00, 0xE0, 0x00, 0xC0, 0x70, 0x18, 0x38, 0xE0, 0x00,
        0x00, 0x01, 0xC0, 0xE0, 0x18, 0x1C, 0x60, 0x00, 0x0C, 0x03, 0x81, 0xC0, 0x0C, 0x0F, 0xE0, 0x00,
        0x0C, 0x03, 0x81, 0x80, 0x06, 0x0F, 0xC0, 0x00, 0x1C, 0x01, 0x03, 0x80, 0x06, 0x0C, 0x00, 0x00,
        0x1F, 0xF0, 0x07, 0x00, 0x06, 0x0C, 0x00, 0x00, 0x0F, 0xF0, 0x06, 0x00, 0x02, 0x0C, 0x00, 0x00,
        0x00, 0x18, 0x0E, 0x00, 0x00, 0x06, 0x00, 0x00, 0x00, 0x18, 0x0C, 0x00, 0x00, 0x06, 0x00, 0x00,
        0x00, 0x18, 0x08, 0x00, 0x00, 0x06, 0x00, 0x00, 0x00, 0x0C, 0x00, 0x00, 0x00, 0x06, 0x00, 0x00,
        0x00, 0x0C, 0x00, 0x00, 0x00, 0x07, 0x00, 0x00, 0x00, 0x0C, 0x00, 0x00, 0x00, 0x03, 0x00, 0x00,
        0x00, 0x0C, 0x00, 0x00, 0x00, 0x07, 0x00, 0x00, 0x00, 0x04, 0x00, 0x00, 0x00, 0x07, 0x00, 0x00,
        0x00, 0x06, 0x00, 0x00, 0x00, 0x06, 0x00, 0x00, 0x00, 0x06, 0x00, 0x00, 0x00, 0x06, 0x00, 0x00,
        0x00, 0x06, 0x00, 0x00, 0x00, 0x06, 0x00, 0x00, 0x00, 0x06, 0x00, 0x00, 0x00, 0x06, 0x00, 0x00,
        0x00, 0x06, 0x00, 0x00, 0x00, 0x0C, 0x00, 0x00, 0x00, 0x0E, 0x00, 0x00, 0x00, 0x0C, 0x00, 0x00,
        0x80, 0x1C, 0x00, 0x00, 0x00, 0x0C, 0x00, 0x00, 0xFF, 0xFC, 0x00, 0x00, 0x00, 0x0C, 0x00, 0x00,
        0xFF, 0xF8, 0x00, 0x00, 0x00, 0x06, 0x00, 0x00, 0x00, 0x30, 0x00, 0x00, 0x00, 0x06, 0x00, 0x00,
        0x00, 0x70, 0x00, 0x00, 0x00, 0x03, 0x00, 0x00, 0x00, 0xE0, 0x00, 0x00, 0x00, 0x01, 0x80, 0x00,
        0x0F, 0xC0, 0x00, 0xFF, 0xFF, 0x01, 0x80, 0x00, 0xFF, 0xC0, 0x7F, 0xFF, 0xFF, 0xE0, 0xC0, 0x00,
        0xF8, 0xC3, 0xFE, 0x00, 0x00, 0xF9, 0xC0, 0x00, 0x00, 0xFF, 0xC0, 0x00, 0x00, 0x3F, 0x80, 0x00,
        0x00, 0x7C, 0x00, 0x00, 0x00, 0x0F, 0x80, 0x00, 0x00, 0x00, 0x00, 0x00, 0x00, 0x00, 0x00, 0x00,
    },
    { /* frame-20 */
        0x00, 0x00, 0x00, 0x00, 0x00, 0x00, 0x00, 0x00, 0x00, 0x00, 0x00, 0x00, 0x00, 0x00, 0x00, 0x00,
        0x00, 0x00, 0x00, 0x00, 0x00, 0x00, 0x00, 0x00, 0x00, 0x00, 0x00, 0x00, 0x1C, 0x00, 0x00, 0x00,
        0x00, 0x00, 0x00, 0x00, 0x3F, 0x00, 0x00, 0x00, 0x00, 0x00, 0x00, 0x00, 0x77, 0x80, 0x00, 0x00,
        0x01, 0xF0, 0x00, 0x00, 0x61, 0xC0, 0x00, 0x00, 0x03, 0xFC, 0x00, 0x00, 0xE0, 0xC0, 0x00, 0x00,
        0x03, 0x1F, 0x00, 0xFF, 0xC0, 0xE0, 0x00, 0x00, 0x03, 0x07, 0xFF, 0xFF, 0xE0, 0x70, 0x00, 0x00,
        0x03, 0x01, 0xFF, 0xF0, 0x00, 0x30, 0x00, 0x00, 0x03, 0x00, 0x70, 0x00, 0x00, 0x38, 0x00, 0x00,
        0x03, 0x00, 0x00, 0x00, 0x00, 0x1C, 0x00, 0x00, 0x03, 0x00, 0x00, 0x00, 0x00, 0x1E, 0x00, 0x00,
        0x03, 0x80, 0x00, 0x00, 0x00, 0x0F, 0x00, 0x00, 0x03, 0x00, 0x00, 0x00, 0x00, 0x07, 0x80, 0x00,
        0x07, 0x00, 0x00, 0x00, 0x00, 0x01, 0xC0, 0x00, 0x06, 0x00, 0x00, 0x00, 0x00, 0x00, 0xE0, 0x00,
        0x0E, 0x00, 0x00, 0x00, 0x38, 0x00, 0x70, 0x00, 0x1C, 0x00, 0x18, 0x00, 0x38, 0x00, 0x78, 0x00,
        0x18, 0x00, 0x1C, 0x00, 0x38, 0x00, 0x18, 0x00, 0x38, 0x00, 0x1C, 0x00, 0x1C, 0x00, 0x08, 0x00,
        0x70, 0x00, 0x1C, 0x00, 0x1C, 0x00, 0x00, 0x00, 0x60, 0x00, 0x1C, 0x3C, 0x1C, 0x00, 0x00, 0x00,
        0xE0, 0x00, 0x1D, 0xFE, 0x1C, 0x00, 0x30, 0x00, 0xC0, 0x00, 0x1F, 0xC6, 0x1C, 0x00, 0x38, 0x00,
        0x80, 0x00, 0x1F, 0x03, 0x1C, 0x00, 0x1C, 0x00, 0x80, 0x00, 0x1C, 0x07, 0x00, 0x00, 0x0C, 0x00,
        0x00, 0x00, 0x38, 0x0E, 0x03, 0xE0, 0x00, 0x00, 0x60, 0x00, 0x70, 0x3C, 0x0F, 0xF0, 0xC0, 0x00,
        0x60, 0x00, 0xE0, 0x78, 0x0C, 0x30, 0xC0, 0x00, 0xE0, 0x01, 0xC0, 0xE0, 0x18, 0x30, 0xE0, 0x00,
        0x00, 0x01, 0x80, 0xC0, 0x18, 0x30, 0x60, 0x00, 0x0C, 0x03, 0x01, 0x80, 0x19, 0xFF, 0xE0, 0x00,
        0x0C, 0x07, 0x03, 0x80, 0x19, 0xFF, 0xC0, 0x00, 0x1C, 0x22, 0x03, 0x00, 0x1C, 0x1C, 0x00, 0x00,
        0x1F, 0xF0, 0x06, 0x00, 0x0C, 0x0C, 0x00, 0x00, 0x0F, 0xF0, 0x0E, 0x00, 0x0E, 0x0C, 0x00, 0x00,
        0x00, 0x18, 0x0C, 0x00, 0x04, 0x06, 0x00, 0x00, 0x00, 0x18, 0x0C, 0x00, 0x00, 0x06, 0x00, 0x00,
        0x00, 0x18, 0x00, 0x00, 0x00, 0x06, 0x00, 0x00, 0x00, 0x0C, 0x00, 0x00, 0x00, 0x06, 0x00, 0x00,
        0x00, 0x0C, 0x00, 0x00, 0x00, 0x07, 0x00, 0x00, 0x00, 0x0C, 0x00, 0x00, 0x00, 0x07, 0x00, 0x00,
        0x00, 0x0C, 0x00, 0x00, 0x00, 0x07, 0x00, 0x00, 0x00, 0x06, 0x00, 0x00, 0x00, 0x07, 0x00, 0x00,
        0x00, 0x06, 0x00, 0x00, 0x00, 0x06, 0x00, 0x00, 0x00, 0x06, 0x00, 0x00, 0x00, 0x06, 0x00, 0x00,
        0x00, 0x06, 0x00, 0x00, 0x00, 0x06, 0x00, 0x00, 0x00, 0x06, 0x00, 0x00, 0x00, 0x06, 0x00, 0x00,
        0x00, 0x06, 0x00, 0x00, 0x00, 0x0C, 0x00, 0x00, 0x00, 0x0E, 0x00, 0x00, 0x00, 0x0C, 0x00, 0x00,
        0x80, 0x1C, 0x00, 0x00, 0x00, 0x0C, 0x00, 0x00, 0xFF, 0xFC, 0x00, 0x00, 0x00, 0x0C, 0x00, 0x00,
        0xFF, 0xF8, 0x00, 0x00, 0x00, 0x06, 0x00, 0x00, 0x00, 0x30, 0x00, 0x00, 0x00, 0x06, 0x00, 0x00,
        0x00, 0x70, 0x00, 0x00, 0x00, 0x03, 0x00, 0x00, 0x00, 0xE0, 0x00, 0x00, 0x00, 0x01, 0x80, 0x00,
        0x0F, 0xC0, 0x00, 0xFF, 0xFF, 0x01, 0x80, 0x00, 0xFF, 0xC0, 0x7F, 0xFF, 0xFF, 0xE0, 0xC0, 0x00,
        0xF8, 0xC3, 0xFE, 0x00, 0x00, 0xF9, 0xC0, 0x00, 0x00, 0xFF, 0xC0, 0x00, 0x00, 0x3F, 0x80, 0x00,
        0x00, 0x7C, 0x00, 0x00, 0x00, 0x0F, 0x80, 0x00, 0x00, 0x00, 0x00, 0x00, 0x00, 0x00, 0x00, 0x00,
    },
    { /* frame-21 */
        0x00, 0x00, 0x00, 0x00, 0x00, 0x00, 0x00, 0x00, 0x00, 0x00, 0x00, 0x00, 0x00, 0x00, 0x00, 0x00,
        0x00, 0x00, 0x00, 0x00, 0x00, 0x00, 0x00, 0x00, 0x00, 0x00, 0x00, 0x00, 0x0F, 0x00, 0x00, 0x00,
        0x00, 0x00, 0x00, 0x00, 0x1F, 0x00, 0x00, 0x00, 0x00, 0xF8, 0x00, 0x00, 0x3B, 0x80, 0x00, 0x00,
        0x00, 0xFC, 0x00, 0x00, 0x71, 0xC0, 0x00, 0x00, 0x01, 0xCF, 0x00, 0x00, 0x70, 0xE0, 0x00, 0x00,
        0x01, 0x83, 0x81, 0xFF, 0xE0, 0x60, 0x00, 0x00, 0x01, 0x81, 0xFF, 0xFF, 0xC0, 0x70, 0x00, 0x00,
        0x01, 0x80, 0xFF, 0xE0, 0x00, 0x30, 0x00, 0x00, 0x01, 0x80, 0x00, 0x00, 0x00, 0x38, 0x00, 0x00,
        0x03, 0x80, 0x00, 0x00, 0x00, 0x1C, 0x00, 0x00, 0x03, 0x80, 0x00, 0x00, 0x00, 0x0E, 0x00, 0x00,
        0x03, 0x80, 0x00, 0x00, 0x00, 0x07, 0x00, 0x00, 0x03, 0x00, 0x00, 0x00, 0x00, 0x07, 0x00, 0x00,
        0x07, 0x00, 0x00, 0x00, 0x00, 0x03, 0x80, 0x00, 0x0E, 0x00, 0x00, 0x00, 0x00, 0x01, 0xC0, 0x00,
        0x0C, 0x00, 0x00, 0x00, 0x30, 0x00, 0xE0, 0x00, 0x1C, 0x00, 0x38, 0x00, 0x78, 0x00, 0x70, 0x00,
        0x38, 0x00, 0x38, 0x00, 0x78, 0x00, 0x38, 0x00, 0x30, 0x00, 0x38, 0x00, 0x38, 0x00, 0x1C, 0x00,
        0x70, 0x00, 0x38, 0x00, 0x38, 0x00, 0x0C, 0x00, 0xE0, 0x00, 0x38, 0xF8, 0x38, 0x00, 0x00, 0x00,
        0xC0, 0x00, 0x3F, 0xFC, 0x38, 0x00, 0x20, 0x00, 0x80, 0x00, 0x3F, 0x0E, 0x38, 0x00, 0x30, 0x00,
        0x80, 0x00, 0x3C, 0x06, 0x38, 0x00, 0x38, 0x00, 0x00, 0x00, 0x78, 0x06, 0x10, 0x00, 0x18, 0x00,
        0x60, 0x00, 0xF0, 0x1E, 0x00, 0x00, 0x18, 0x00, 0xE0, 0x01, 0xC0, 0x7C, 0x78, 0x00, 0x80, 0x00,
        0xC0, 0x01, 0xC0, 0xE1, 0xFE, 0x01, 0xC0, 0x00, 0x80, 0x03, 0x81, 0xC1, 0x87, 0x00, 0xC0, 0x00,
        0x0C, 0x07, 0x03, 0x81, 0x83, 0x00, 0xE0, 0x00, 0x1C, 0x06, 0x03, 0x01, 0x81, 0x9F, 0xE0, 0x00,
        0x1C, 0x0E, 0x06, 0x01, 0xC1, 0xBF, 0xC0, 0x00, 0x1F, 0xEC, 0x0E, 0x00, 0xE0, 0x30, 0x00, 0x00,
        0x1F, 0xF0, 0x0C, 0x00, 0x60, 0x18, 0x00, 0x00, 0x0F, 0x30, 0x1C, 0x00, 0x60, 0x18, 0x00, 0x00,
        0x00, 0x30, 0x18, 0x00, 0x30, 0x18, 0x00, 0x00, 0x00, 0x30, 0x30, 0x00, 0x3F, 0x18, 0x00, 0x00,
        0x00, 0x30, 0x00, 0x00, 0x1F, 0x18, 0x00, 0x00, 0x00, 0x30, 0x00, 0x00, 0x00, 0x18, 0x00, 0x00,
        0x00, 0x30, 0x00, 0x00, 0x00, 0x18, 0x00, 0x00, 0x00, 0x30, 0x00, 0x00, 0x00, 0x18, 0x00, 0x00,
        0x00, 0x30, 0x00, 0x00, 0x00, 0x18, 0x00, 0x00, 0x00, 0x30, 0x00, 0x00, 0x00, 0x18, 0x00, 0x00,
        0x00, 0x30, 0x00, 0x00, 0x00, 0x18, 0x00, 0x00, 0x00, 0x30, 0x00, 0x00, 0x00, 0x18, 0x00, 0x00,
        0x00, 0x30, 0x00, 0x00, 0x00, 0x18, 0x00, 0x00, 0x00, 0x30, 0x00, 0x00, 0x00, 0x18, 0x00, 0x00,
        0x18, 0x30, 0x00, 0x00, 0x00, 0x18, 0x00, 0x00, 0x58, 0x70, 0x00, 0x00, 0x00, 0x18, 0x00, 0x00,
        0xDC, 0x60, 0x00, 0x00, 0x00, 0x30, 0x00, 0x00, 0xCF, 0xE0, 0x00, 0x00, 0x00, 0x30, 0x00, 0x00,
        0x07, 0xE0, 0x00, 0x00, 0x00, 0x30, 0x00, 0x00, 0x00, 0x60, 0x00, 0x00, 0x00, 0x30, 0x00, 0x00,
        0x00, 0xC0, 0x00, 0x00, 0x00, 0x30, 0x00, 0x00, 0x80, 0xC0, 0x03, 0xFF, 0xF8, 0x30, 0x00, 0x00,
        0xFF, 0xC0, 0x1F, 0xF9, 0xFE, 0x30, 0x00, 0x00, 0xFF, 0xC0, 0xFE, 0x00, 0x07, 0xF0, 0x00, 0x00,
        0x1C, 0xC7, 0xE0, 0x00, 0x03, 0xE0, 0x00, 0x00, 0x00, 0xFF, 0x00, 0x00, 0x00, 0xC0, 0x00, 0x00,
        0x00, 0x78, 0x00, 0x00, 0x00, 0x00, 0x00, 0x00, 0x00, 0x00, 0x00, 0x00, 0x00, 0x00, 0x00, 0x00,
    },
    { /* frame-22 */
        0x00, 0x00, 0x00, 0x00, 0x00, 0x00, 0x00, 0x00, 0x00, 0x00, 0x00, 0x00, 0x00, 0x00, 0x00, 0x00,
        0x00, 0x00, 0x00, 0x00, 0x00, 0x00, 0x00, 0x00, 0x00, 0x00, 0x00, 0x00, 0x03, 0x80, 0x00, 0x00,
        0x00, 0x38, 0x00, 0x00, 0x0F, 0xC0, 0x00, 0x00, 0x00, 0x7C, 0x00, 0x00, 0x1C, 0xE0, 0x00, 0x00,
        0x00, 0xEF, 0x00, 0x00, 0x38, 0x60, 0x00, 0x00, 0x00, 0xC7, 0x80, 0x00, 0x70, 0x70, 0x00, 0x00,
        0x01, 0xC1, 0xFF, 0xFF, 0xE0, 0x30, 0x00, 0x00, 0x01, 0x80, 0xFF, 0xFF, 0xC0, 0x30, 0x00, 0x00,
        0x01, 0x80, 0x00, 0x00, 0x00, 0x30, 0x00, 0x00, 0x01, 0x80, 0x00, 0x00, 0x00, 0x38, 0x00, 0x00,
        0x03, 0x80, 0x00, 0x00, 0x00, 0x1C, 0x00, 0x00, 0x03, 0x00, 0x00, 0x00, 0x00, 0x0E, 0x00, 0x00,
        0x03, 0x00, 0x00, 0x00, 0x00, 0x0E, 0x00, 0x00, 0x07, 0x00, 0x00, 0x00, 0x00, 0x07, 0x00, 0x00,
        0x0E, 0x00, 0x00, 0x00, 0x00, 0x03, 0x80, 0x00, 0x0C, 0x00, 0x00, 0x00, 0x00, 0x01, 0xC0, 0x00,
        0x1C, 0x00, 0x20, 0x00, 0x60, 0x00, 0xE0, 0x00, 0x38, 0x00, 0x70, 0x00, 0xE0, 0x00, 0x70, 0x00,
        0x70, 0x00, 0x70, 0x00, 0xE0, 0x00, 0x38, 0x00, 0x60, 0x00, 0x70, 0x00, 0xF0, 0x00, 0x1C, 0x00,
        0xE0, 0x00, 0x71, 0xE0, 0xE0, 0x00, 0x0C, 0x00, 0xC0, 0x00, 0x77, 0xF0, 0xF0, 0x00, 0x00, 0x00,
        0x80, 0x00, 0x7F, 0x38, 0x70, 0x00, 0x00, 0x00, 0x00, 0x00, 0x7C, 0x18, 0x60, 0x00, 0x30, 0x00,
        0x00, 0x00, 0x70, 0x18, 0x60, 0x00, 0x30, 0x00, 0x60, 0x00, 0xE0, 0x78, 0x60, 0x00, 0x38, 0x00,
        0xE0, 0x01, 0xC0, 0xF0, 0x00, 0x00, 0x18, 0x00, 0xC0, 0x01, 0x81, 0xC1, 0xF8, 0x00, 0x00, 0x00,
        0xC0, 0x03, 0x83, 0x83, 0xFC, 0x01, 0xC0, 0x00, 0x00, 0x07, 0x03, 0x06, 0x0C, 0x00, 0xC0, 0x00,
        0x1C, 0x06, 0x07, 0x06, 0x0C, 0x01, 0xC0, 0x00, 0x1C, 0x0E, 0x06, 0x06, 0x3E, 0x3F, 0xC0, 0x00,
        0x18, 0x0C, 0x0C, 0x06, 0x7E, 0x3F, 0x00, 0x00, 0x1F, 0xCC, 0x0C, 0x06, 0x00, 0x30, 0x00, 0x00,
        0x1F, 0xE0, 0x1C, 0x07, 0x00, 0x30, 0x00, 0x00, 0x00, 0x60, 0x18, 0x03, 0x80, 0x30, 0x00, 0x00,
        0x00, 0x60, 0x38, 0x01, 0xC0, 0x30, 0x00, 0x00, 0x00, 0x60, 0x30, 0x00, 0xFE, 0x30, 0x00, 0x00,
        0x00, 0x60, 0x00, 0x00, 0x3E, 0x30, 0x00, 0x00, 0x00, 0x60, 0x00, 0x00, 0x00, 0x30, 0x00, 0x00,
        0x00, 0x60, 0x00, 0x00, 0x00, 0x30, 0x00, 0x00, 0x00, 0x60, 0x00, 0x00, 0x00, 0x30, 0x00, 0x00,
        0x00, 0x60, 0x00, 0x00, 0x00, 0x30, 0x00, 0x00, 0x00, 0x60, 0x00, 0x00, 0x00, 0x30, 0x00, 0x00,
        0x00, 0x60, 0x00, 0x00, 0x00, 0x60, 0x00, 0x00, 0x00, 0x60, 0x00, 0x00, 0x00, 0x60, 0x00, 0x00,
        0x00, 0x60, 0x00, 0x00, 0x00, 0x60, 0x00, 0x00, 0x00, 0x60, 0x00, 0x00, 0x00, 0x60, 0x00, 0x00,
        0x03, 0x60, 0x00, 0x00, 0x00, 0x60, 0x00, 0x00, 0x06, 0xE0, 0x00, 0x00, 0x00, 0x60, 0x00, 0x00,
        0x76, 0xC0, 0x00, 0x00, 0x00, 0xC0, 0x00, 0x00, 0x60, 0xC0, 0x00, 0x00, 0x00, 0xC0, 0x00, 0x00,
        0x70, 0xC0, 0x00, 0x00, 0x00, 0xC0, 0x00, 0x00, 0x70, 0xC0, 0x00, 0x00, 0x00, 0xC0, 0x00, 0x00,
        0x38, 0xC0, 0x00, 0xFF, 0x80, 0xC0, 0x00, 0x00, 0x1F, 0xC0, 0x0F, 0xFF, 0xF0, 0xC0, 0x00, 0x00,
        0x0F, 0xC0, 0x7F, 0x00, 0xF9, 0xC0, 0x00, 0x00, 0x03, 0xC3, 0xF0, 0x00, 0x1F, 0x80, 0x00, 0x00,
        0x00, 0xCF, 0x80, 0x00, 0x0F, 0x00, 0x00, 0x00, 0x00, 0xFE, 0x00, 0x00, 0x00, 0x00, 0x00, 0x00,
        0x00, 0x78, 0x00, 0x00, 0x00, 0x00, 0x00, 0x00, 0x00, 0x00, 0x00, 0x00, 0x00, 0x00, 0x00, 0x00,
    },
    { /* frame-23 */
        0x00, 0x00, 0x00, 0x00, 0x00, 0x00, 0x00, 0x00, 0x00, 0x00, 0x00, 0x00, 0x00, 0x00, 0x00, 0x00,
        0x00, 0x00, 0x00, 0x00, 0x00, 0x00, 0x00, 0x00, 0x00, 0x00, 0x00, 0x00, 0x01, 0xE0, 0x00, 0x00,
        0x00, 0x0F, 0x00, 0x00, 0x07, 0xF0, 0x00, 0x00, 0x00, 0x3F, 0x80, 0x00, 0x0F, 0x38, 0x00, 0x00,
        0x00, 0x39, 0xC0, 0x00, 0x1C, 0x18, 0x00, 0x00, 0x00, 0x70, 0xC0, 0x00, 0x78, 0x18, 0x00, 0x00,
        0x00, 0xE0, 0xFF, 0xFF, 0xE0, 0x18, 0x00, 0x00, 0x00, 0xC0, 0xFF, 0xFF, 0xC0, 0x18, 0x00, 0x00,
        0x01, 0xC0, 0x60, 0x00, 0x00, 0x18, 0x00, 0x00, 0x01, 0x80, 0x00, 0x00, 0x00, 0x18, 0x00, 0x00,
        0x01, 0x80, 0x00, 0x00, 0x00, 0x18, 0x00, 0x00, 0x03, 0x80, 0x00, 0x00, 0x00, 0x1C, 0x00, 0x00,
        0x07, 0x00, 0x00, 0x00, 0x00, 0x0E, 0x00, 0x00, 0x06, 0x00, 0x00, 0x00, 0x00, 0x07, 0x00, 0x00,
        0x0E, 0x00, 0x00, 0x00, 0x00, 0x03, 0x80, 0x00, 0x1C, 0x00, 0x00, 0x00, 0x00, 0x01, 0xC0, 0x00,
        0x38, 0x00, 0x60, 0x00, 0xC0, 0x00, 0xC0, 0x00, 0x70, 0x00, 0xE0, 0x00, 0xE0, 0x00, 0xE0, 0x00,
        0x60, 0x00, 0xE0, 0x00, 0xE0, 0x00, 0x70, 0x00, 0xE0, 0x00, 0xE0, 0x00, 0xE0, 0x00, 0x38, 0x00,
        0xC0, 0x00, 0xE7, 0x80, 0xE0, 0x00, 0x1C, 0x00, 0x80, 0x00, 0xFF, 0xC0, 0xE0, 0x00, 0x0C, 0x00,
        0x00, 0x00, 0xF8, 0xE0, 0xE0, 0x00, 0x00, 0x00, 0x00, 0x00, 0xE0, 0x60, 0xE0, 0x00, 0x30, 0x00,
        0x60, 0x01, 0xC0, 0x60, 0xE0, 0x00, 0x30, 0x00, 0xE0, 0x03, 0x81, 0xE0, 0xC0, 0x00, 0x38, 0x00,
        0xC0, 0x07, 0x03, 0xDC, 0x00, 0x00, 0x10, 0x00, 0xC0, 0x07, 0x07, 0x7F, 0x80, 0x00, 0x00, 0x00,
        0x80, 0x0E, 0x0E, 0x77, 0xC0, 0x01, 0xC0, 0x00, 0x0C, 0x0C, 0x0C, 0x60, 0xE0, 0x00, 0xC0, 0x00,
        0x1C, 0x1C, 0x1C, 0x60, 0x70, 0x03, 0xC0, 0x00, 0x18, 0x1C, 0x18, 0x70, 0x3C, 0x7F, 0xC0, 0x00,
        0x18, 0x18, 0x18, 0x38, 0x3E, 0x7F, 0x00, 0x00, 0x3F, 0xD8, 0x38, 0x1C, 0x00, 0x60, 0x00, 0x00,
        0x1F, 0xC0, 0x30, 0x0E, 0x00, 0x20, 0x00, 0x00, 0x00, 0xC0, 0x30, 0x07, 0x00, 0x20, 0x00, 0x00,
        0x00, 0xC0, 0x60, 0x03, 0xC0, 0x20, 0x00, 0x00, 0x00, 0xC0, 0x60, 0x01, 0xF0, 0x30, 0x00, 0x00,
        0x00, 0xC0, 0x60, 0x00, 0x78, 0x20, 0x00, 0x00, 0x00, 0xC0, 0x00, 0x00, 0x10, 0x70, 0x00, 0x00,
        0x00, 0xC0, 0x00, 0x00, 0x00, 0x60, 0x00, 0x00, 0x00, 0xC0, 0x00, 0x00, 0x00, 0x60, 0x00, 0x00,
        0x01, 0xC0, 0x00, 0x00, 0x00, 0x60, 0x00, 0x00, 0x01, 0xC0, 0x00, 0x00, 0x00, 0x60, 0x00, 0x00,
        0x01, 0x80, 0x00, 0x00, 0x00, 0x60, 0x00, 0x00, 0x01, 0x80, 0x00, 0x00, 0x00, 0xC0, 0x00, 0x00,
        0x01, 0x80, 0x00, 0x00, 0x00, 0xC0, 0x00, 0x00, 0x01, 0x80, 0x00, 0x00, 0x00, 0xC0, 0x00, 0x00,
        0x01, 0x80, 0x00, 0x00, 0x01, 0x80, 0x00, 0x00, 0x01, 0x80, 0x00, 0x00, 0x01, 0x80, 0x00, 0x00,
        0x01, 0x80, 0x00, 0x00, 0x01, 0x80, 0x00, 0x00, 0x01, 0x80, 0x00, 0x00, 0x03, 0x00, 0x00, 0x00,
        0x01, 0x80, 0x00, 0x00, 0x03, 0x00, 0x00, 0x00, 0x01, 0x80, 0x00, 0x00, 0x07, 0x00, 0x00, 0x00,
        0x01, 0x80, 0x07, 0xFE, 0x06, 0x00, 0x00, 0x00, 0x01, 0x80, 0x7F, 0xFF, 0x8C, 0x00, 0x00, 0x00,
        0x01, 0x81, 0xF8, 0x01, 0xDC, 0x00, 0x00, 0x00, 0x00, 0xC7, 0xC0, 0x00, 0xF8, 0x00, 0x00, 0x00,
        0x00, 0xCF, 0x00, 0x00, 0x00, 0x00, 0x00, 0x00, 0x00, 0xFC, 0x00, 0x00, 0x00, 0x00, 0x00, 0x00,
        0x00, 0x78, 0x00, 0x00, 0x00, 0x00, 0x00, 0x00, 0x00, 0x00, 0x00, 0x00, 0x00, 0x00, 0x00, 0x00,
    },
    { /* frame-24 */
        0x00, 0x00, 0x00, 0x00, 0x00, 0x00, 0x00, 0x00, 0x00, 0x00, 0x00, 0x00, 0x00, 0x00, 0x00, 0x00,
        0x00, 0x00, 0x00, 0x00, 0x00, 0x00, 0x00, 0x00, 0x00, 0x00, 0x00, 0x00, 0x00, 0x00, 0x00, 0x00,
        0x00, 0x04, 0x00, 0x00, 0x00, 0x00, 0x00, 0x00, 0x00, 0x1F, 0x00, 0x00, 0x01, 0xE0, 0x00, 0x00,
        0x00, 0x3F, 0x80, 0x00, 0x07, 0xF0, 0x00, 0x00, 0x00, 0x71, 0xC0, 0x00, 0x1F, 0x30, 0x00, 0x00,
        0x00, 0x60, 0xC0, 0x00, 0x3C, 0x38, 0x00, 0x00, 0x00, 0xE0, 0xFF, 0xFF, 0xF0, 0x38, 0x00, 0x00,
        0x00, 0xC0, 0xFF, 0xFF, 0xE0, 0x38, 0x00, 0x00, 0x01, 0xC0, 0x00, 0x00, 0x00, 0x38, 0x00, 0x00,
        0x01, 0x80, 0x00, 0x00, 0x00, 0x38, 0x00, 0x00, 0x03, 0x80, 0x00, 0x00, 0x00, 0x30, 0x00, 0x00,
        0x03, 0x00, 0x00, 0x00, 0x00, 0x38, 0x00, 0x00, 0x07, 0x00, 0x00, 0x00, 0x00, 0x1C, 0x00, 0x00,
        0x0E, 0x00, 0x00, 0x00, 0x00, 0x0C, 0x00, 0x00, 0x1C, 0x00, 0x00, 0x00, 0x00, 0x06, 0x00, 0x00,
        0x38, 0x00, 0x80, 0x00, 0x00, 0x07, 0x00, 0x00, 0x70, 0x01, 0xC0, 0x03, 0x80, 0x03, 0x80, 0x00,
        0xE0, 0x01, 0xC0, 0x03, 0x80, 0x01, 0xC0, 0x00, 0xC0, 0x01, 0xC0, 0x03, 0x80, 0x00, 0xE0, 0x00,
        0x80, 0x01, 0xC0, 0x03, 0x80, 0x00, 0x70, 0x00, 0x80, 0x01, 0xCF, 0x03, 0x80, 0x00, 0x38, 0x00,
        0x00, 0x01, 0xFF, 0x83, 0x80, 0x00, 0x18, 0x00, 0x00, 0x01, 0xF1, 0x83, 0x80, 0x00, 0x00, 0x00,
        0xC0, 0x01, 0xC1, 0x83, 0x80, 0x00, 0x00, 0x00, 0xC0, 0x03, 0x81, 0x83, 0x80, 0x00, 0x60, 0x00,
        0xC0, 0x07, 0x07, 0x81, 0x00, 0x00, 0x60, 0x00, 0x80, 0x0E, 0x0F, 0x00, 0x00, 0x00, 0x70, 0x00,
        0x00, 0x1C, 0x1C, 0x03, 0xC0, 0x00, 0x30, 0x00, 0x18, 0x18, 0x18, 0x0F, 0xE0, 0x01, 0x00, 0x00,
        0x38, 0x38, 0x38, 0x1C, 0x70, 0x03, 0x80, 0x00, 0x30, 0x30, 0x30, 0x18, 0x30, 0x3F, 0x80, 0x00,
        0x38, 0x70, 0x70, 0x18, 0x7C, 0xFF, 0x80, 0x00, 0x3F, 0xE0, 0x60, 0x19, 0xFC, 0xFF, 0x00, 0x00,
        0x1F, 0xE0, 0x60, 0x19, 0xC0, 0xE0, 0x00, 0x00, 0x00, 0xC0, 0xC0, 0x1C, 0x00, 0xE0, 0x00, 0x00,
        0x00, 0xC0, 0xC0, 0x0E, 0x00, 0xE0, 0x00, 0x00, 0x00, 0xC0, 0xC0, 0x07, 0x00, 0x60, 0x00, 0x00,
        0x01, 0x81, 0x80, 0x03, 0xE0, 0x60, 0x00, 0x00, 0x01, 0x80, 0x00, 0x00, 0xF0, 0xE0, 0x00, 0x00,
        0x01, 0x80, 0x00, 0x00, 0x00, 0xC0, 0x00, 0x00, 0x01, 0x80, 0x00, 0x00, 0x00, 0xC0, 0x00, 0x00,
        0x03, 0x80, 0x00, 0x00, 0x00, 0xC0, 0x00, 0x00, 0x03, 0x00, 0x00, 0x00, 0x00, 0xC0, 0x00, 0x00,
        0x03, 0x00, 0x00, 0x00, 0x00, 0xC0, 0x00, 0x00, 0x03, 0x00, 0x00, 0x00, 0x00, 0xC0, 0x00, 0x00,
        0x03, 0x00, 0x00, 0x00, 0x01, 0x80, 0x00, 0x00, 0x03, 0x00, 0x00, 0x00, 0x01, 0x80, 0x00, 0x00,
        0x03, 0x00, 0x00, 0x00, 0x01, 0x80, 0x00, 0x00, 0x03, 0x00, 0x00, 0x00, 0x03, 0x80, 0x00, 0x00,
        0x03, 0x00, 0x00, 0x00, 0x03, 0x00, 0x00, 0x00, 0x03, 0x00, 0x00, 0x00, 0x07, 0x00, 0x00, 0x00,
        0x03, 0x00, 0x00, 0x00, 0x06, 0x00, 0x00, 0x00, 0x03, 0x00, 0x00, 0x00, 0x0C, 0x00, 0x00, 0x00,
        0x03, 0x00, 0x00, 0x00, 0x1C, 0x00, 0x00, 0x00, 0x01, 0x80, 0x3F, 0xE0, 0x38, 0x00, 0x00, 0x00,
        0x01, 0x80, 0xFF, 0xF0, 0x70, 0x00, 0x00, 0x00, 0x01, 0xC7, 0xE0, 0x18, 0xE0, 0x00, 0x00, 0x00,
        0x00, 0xCF, 0x00, 0x1F, 0xC0, 0x00, 0x00, 0x00, 0x00, 0xFC, 0x00, 0x0F, 0x80, 0x00, 0x00, 0x00,
        0x00, 0x78, 0x00, 0x00, 0x00, 0x00, 0x00, 0x00, 0x00, 0x00, 0x00, 0x00, 0x00, 0x00, 0x00, 0x00,
    },
    { /* frame-25 */
        0x00, 0x00, 0x00, 0x00, 0x00, 0x00, 0x00, 0x00, 0x00, 0x00, 0x00, 0x00, 0x00, 0x00, 0x00, 0x00,
        0x00, 0x00, 0x00, 0x00, 0x00, 0x00, 0x00, 0x00, 0x00, 0x00, 0x00, 0x00, 0x00, 0x00, 0x00, 0x00,
        0x00, 0x04, 0x00, 0x00, 0x00, 0x00, 0x00, 0x00, 0x00, 0x1F, 0x00, 0x00, 0x01, 0xE0, 0x00, 0x00,
        0x00, 0x3F, 0x80, 0x00, 0x07, 0xF0, 0x00, 0x00, 0x00, 0x71, 0xC0, 0x00, 0x1F, 0x30, 0x00, 0x00,
        0x00, 0x60, 0xC0, 0x00, 0x3C, 0x38, 0x00, 0x00, 0x00, 0xE0, 0xFF, 0xFF, 0xF0, 0x38, 0x00, 0x00,
        0x00, 0xC0, 0xFF, 0xFF, 0xE0, 0x38, 0x00, 0x00, 0x01, 0xC0, 0x00, 0x00, 0x00, 0x38, 0x00, 0x00,
        0x01, 0x80, 0x00, 0x00, 0x00, 0x38, 0x00, 0x00, 0x03, 0x80, 0x00, 0x00, 0x00, 0x30, 0x00, 0x00,
        0x03, 0x00, 0x00, 0x00, 0x00, 0x38, 0x00, 0x00, 0x07, 0x00, 0x00, 0x00, 0x00, 0x1C, 0x00, 0x00,
        0x0E, 0x00, 0x00, 0x00, 0x00, 0x0C, 0x00, 0x00, 0x1C, 0x00, 0x00, 0x00, 0x00, 0x06, 0x00, 0x00,
        0x38, 0x00, 0x80, 0x00, 0x00, 0x07, 0x00, 0x00, 0x70, 0x01, 0xC0, 0x03, 0x80, 0x03, 0x80, 0x00,
        0xE0, 0x01, 0xC0, 0x03, 0x80, 0x01, 0xC0, 0x00, 0xC0, 0x01, 0xC0, 0x03, 0x80, 0x00, 0xE0, 0x00,
        0x80, 0x01, 0xC0, 0x03, 0x80, 0x00, 0x70, 0x00, 0x80, 0x01, 0xCF, 0x03, 0x80, 0x00, 0x38, 0x00,
        0x00, 0x01, 0xFF, 0x83, 0x80, 0x00, 0x18, 0x00, 0x00, 0x01, 0xF1, 0x83, 0x80, 0x00, 0x00, 0x00,
        0xC0, 0x01, 0xC1, 0x83, 0x80, 0x00, 0x00, 0x00, 0xC0, 0x03, 0x81, 0x83, 0x80, 0x00, 0x60, 0x00,
        0xC0, 0x07, 0x07, 0x81, 0x00, 0x00, 0x60, 0x00, 0x80, 0x0E, 0x0F, 0x00, 0x00, 0x00, 0x70, 0x00,
        0x00, 0x1C, 0x1C, 0x03, 0xC0, 0x00, 0x30, 0x00, 0x18, 0x18, 0x18, 0x0F, 0xE0, 0x01, 0x00, 0x00,
        0x38, 0x38, 0x38, 0x1C, 0x70, 0x03, 0x80, 0x00, 0x30, 0x30, 0x30, 0x18, 0x30, 0x3F, 0x80, 0x00,
        0x38, 0x70, 0x70, 0x18, 0x7C, 0xFF, 0x80, 0x00, 0x3F, 0xE0, 0x60, 0x19, 0xFC, 0xFF, 0x00, 0x00,
        0x1F, 0xE0, 0x60, 0x19, 0xC0, 0xE0, 0x00, 0x00, 0x00, 0xC0, 0xC0, 0x1C, 0x00, 0xE0, 0x00, 0x00,
        0x00, 0xC0, 0xC0, 0x0E, 0x00, 0xE0, 0x00, 0x00, 0x00, 0xC0, 0xC0, 0x07, 0x00, 0x60, 0x00, 0x00,
        0x01, 0x81, 0x80, 0x03, 0xE0, 0x60, 0x00, 0x00, 0x01, 0x80, 0x00, 0x00, 0xF0, 0xE0, 0x00, 0x00,
        0x01, 0x80, 0x00, 0x00, 0x00, 0xC0, 0x00, 0x00, 0x01, 0x80, 0x00, 0x00, 0x00, 0xC0, 0x00, 0x00,
        0x03, 0x80, 0x00, 0x00, 0x00, 0xC0, 0x00, 0x00, 0x03, 0x00, 0x00, 0x00, 0x00, 0xC0, 0x00, 0x00,
        0x03, 0x00, 0x00, 0x00, 0x00, 0xC0, 0x00, 0x00, 0x03, 0x00, 0x00, 0x00, 0x00, 0xC0, 0x00, 0x00,
        0x03, 0x00, 0x00, 0x00, 0x01, 0x80, 0x00, 0x00, 0x03, 0x00, 0x00, 0x00, 0x01, 0x80, 0x00, 0x00,
        0x03, 0x00, 0x00, 0x00, 0x01, 0x80, 0x00, 0x00, 0x03, 0x00, 0x00, 0x00, 0x03, 0x80, 0x00, 0x00,
        0x03, 0x00, 0x00, 0x00, 0x03, 0x00, 0x00, 0x00, 0x03, 0x00, 0x00, 0x00, 0x07, 0x00, 0x00, 0x00,
        0x03, 0x00, 0x00, 0x00, 0x06, 0x00, 0x00, 0x00, 0x03, 0x00, 0x00, 0x00, 0x0C, 0x00, 0x00, 0x00,
        0x03, 0x00, 0x00, 0x00, 0x1C, 0x00, 0x00, 0x00, 0x01, 0x80, 0x3F, 0xE0, 0x38, 0x00, 0x00, 0x00,
        0x01, 0x80, 0xFF, 0xF0, 0x70, 0x00, 0x00, 0x00, 0x01, 0xC7, 0xE0, 0x18, 0xE0, 0x00, 0x00, 0x00,
        0x00, 0xCF, 0x00, 0x1F, 0xC0, 0x00, 0x00, 0x00, 0x00, 0xFC, 0x00, 0x0F, 0x80, 0x00, 0x00, 0x00,
        0x00, 0x78, 0x00, 0x00, 0x00, 0x00, 0x00, 0x00, 0x00, 0x00, 0x00, 0x00, 0x00, 0x00, 0x00, 0x00,
    },
    { /* frame-26 */
        0x00, 0x00, 0x00, 0x00, 0x00, 0x00, 0x00, 0x00, 0x00, 0x00, 0x00, 0x00, 0x00, 0x00, 0x00, 0x00,
        0x00, 0x00, 0x00, 0x00, 0x00, 0x00, 0x00, 0x00, 0x00, 0x00, 0x00, 0x00, 0x00, 0x00, 0x00, 0x00,
        0x00, 0x00, 0x00, 0x00, 0x00, 0x00, 0x00, 0x00, 0x00, 0x06, 0x00, 0x00, 0x00, 0x00, 0x00, 0x00,
        0x00, 0x1F, 0x00, 0x00, 0x00, 0xE0, 0x00, 0x00, 0x00, 0x3B, 0x80, 0x00, 0x07, 0xF0, 0x00, 0x00,
        0x00, 0x71, 0xC0, 0x00, 0x1F, 0x30, 0x00, 0x00, 0x00, 0xE0, 0xC0, 0x00, 0x3C, 0x38, 0x00, 0x00,
        0x00, 0xC0, 0xFF, 0xFF, 0xF0, 0x38, 0x00, 0x00, 0x01, 0xC0, 0xFF, 0xFF, 0xE0, 0x38, 0x00, 0x00,
        0x01, 0x80, 0x00, 0x00, 0x00, 0x38, 0x00, 0x00, 0x03, 0x80, 0x00, 0x00, 0x00, 0x30, 0x00, 0x00,
        0x03, 0x00, 0x00, 0x00, 0x00, 0x30, 0x00, 0x00, 0x07, 0x00, 0x00, 0x00, 0x00, 0x38, 0x00, 0x00,
        0x0E, 0x00, 0x00, 0x00, 0x00, 0x1C, 0x00, 0x00, 0x1C, 0x00, 0x00, 0x00, 0x00, 0x0C, 0x00, 0x00,
        0x38, 0x00, 0x00, 0x00, 0x00, 0x0E, 0x00, 0x00, 0x70, 0x01, 0x00, 0x02, 0x00, 0x07, 0x00, 0x00,
        0xE0, 0x03, 0x80, 0x07, 0x00, 0x03, 0x80, 0x00, 0xC0, 0x03, 0x80, 0x07, 0x00, 0x01, 0xC0, 0x00,
        0x80, 0x03, 0x80, 0x07, 0x00, 0x00, 0xC0, 0x00, 0x00, 0x03, 0x9C, 0x07, 0x00, 0x00, 0xE0, 0x00,
        0x00, 0x03, 0xFF, 0x07, 0x00, 0x00, 0x70, 0x00, 0x00, 0x03, 0xF7, 0x07, 0x00, 0x00, 0x30, 0x00,
        0xC0, 0x03, 0xC1, 0x87, 0x00, 0x00, 0x10, 0x00, 0xC0, 0x07, 0x01, 0x87, 0x00, 0x00, 0x00, 0x00,
        0x80, 0x0E, 0x07, 0x83, 0x00, 0x00, 0xC0, 0x00, 0x00, 0x1C, 0x1F, 0x00, 0x00, 0x00, 0xE0, 0x00,
        0x00, 0x38, 0x1C, 0xFC, 0x00, 0x00, 0x60, 0x00, 0x30, 0x30, 0x39, 0xFE, 0x00, 0x00, 0x00, 0x00,
        0x30, 0x70, 0x71, 0x87, 0x00, 0x03, 0x00, 0x00, 0x70, 0xE0, 0x61, 0x83, 0x80, 0x03, 0x00, 0x00,
        0x70, 0xC0, 0xE1, 0xC1, 0xC0, 0x03, 0x80, 0x00, 0x7F, 0xC0, 0xC0, 0xC0, 0xF8, 0xFF, 0x00, 0x00,
        0x07, 0xC0, 0xC0, 0x60, 0x78, 0xFF, 0x00, 0x00, 0x01, 0x81, 0x80, 0x30, 0x00, 0xC0, 0x00, 0x00,
        0x01, 0x81, 0x80, 0x38, 0x00, 0xC0, 0x00, 0x00, 0x01, 0x83, 0x80, 0x1E, 0x00, 0xC0, 0x00, 0x00,
        0x03, 0x03, 0x00, 0x07, 0x80, 0xC0, 0x00, 0x00, 0x03, 0x03, 0x00, 0x03, 0xE0, 0xC0, 0x00, 0x00,
        0x03, 0x00, 0x00, 0x00, 0xE0, 0xC0, 0x00, 0x00, 0x03, 0x00, 0x00, 0x00, 0x00, 0xC0, 0x00, 0x00,
        0x03, 0x00, 0x00, 0x00, 0x00, 0xC0, 0x00, 0x00, 0x03, 0x00, 0x00, 0x00, 0x00, 0xC0, 0x00, 0x00,
        0x03, 0x00, 0x00, 0x00, 0x00, 0xC0, 0x00, 0x00, 0x03, 0x00, 0x00, 0x00, 0x01, 0x80, 0x00, 0x00,
        0x03, 0x00, 0x00, 0x00, 0x01, 0x80, 0x00, 0x00, 0x03, 0x00, 0x00, 0x00, 0x01, 0x80, 0x00, 0x00,
        0x03, 0x00, 0x00, 0x00, 0x03, 0x00, 0x00, 0x00, 0x03, 0x00, 0x00, 0x00, 0x03, 0x00, 0x00, 0x00,
        0x03, 0x00, 0x00, 0x00, 0x07, 0x00, 0x00, 0x00, 0x03, 0x00, 0x00, 0x00, 0x06, 0x00, 0x00, 0x00,
        0x03, 0x00, 0x00, 0x00, 0x0C, 0x00, 0x00, 0x00, 0x01, 0x80, 0x00, 0x00, 0x1C, 0x00, 0x00, 0x00,
        0x01, 0x80, 0x00, 0x00, 0x1C, 0x00, 0x00, 0x00, 0x01, 0x80, 0x00, 0x00, 0x38, 0x00, 0x00, 0x00,
        0x01, 0x80, 0x7F, 0xC0, 0x70, 0x00, 0x00, 0x00, 0x01, 0xC7, 0xFF, 0xE0, 0xF0, 0x00, 0x00, 0x00,
        0x00, 0xCF, 0x00, 0x63, 0x80, 0x00, 0x00, 0x00, 0x00, 0xFC, 0x00, 0x7F, 0x00, 0x00, 0x00, 0x00,
        0x00, 0x78, 0x00, 0x3C, 0x00, 0x00, 0x00, 0x00, 0x00, 0x00, 0x00, 0x00, 0x00, 0x00, 0x00, 0x00,
    },
    { /* frame-27 */
        0x00, 0x00, 0x00, 0x00, 0x00, 0x00, 0x00, 0x00, 0x00, 0x00, 0x00, 0x00, 0x00, 0x00, 0x00, 0x00,
        0x00, 0x00, 0x00, 0x00, 0x00, 0x00, 0x00, 0x00, 0x00, 0x00, 0x00, 0x00, 0x00, 0x00, 0x00, 0x00,
        0x00, 0x00, 0x00, 0x00, 0x00, 0x00, 0x00, 0x00, 0x00, 0x00, 0x00, 0x00, 0x00, 0x00, 0x00, 0x00,
        0x00, 0x04, 0x00, 0x00, 0x00, 0x00, 0x00, 0x00, 0x00, 0x1F, 0x00, 0x00, 0x01, 0xE0, 0x00, 0x00,
        0x00, 0x3F, 0x80, 0x00, 0x07, 0xF0, 0x00, 0x00, 0x00, 0x71, 0x80, 0x00, 0x1F, 0x30, 0x00, 0x00,
        0x00, 0xE1, 0xC0, 0x00, 0x3C, 0x30, 0x00, 0x00, 0x00, 0xC0, 0xFF, 0xFF, 0xF0, 0x38, 0x00, 0x00,
        0x01, 0xC0, 0xFF, 0xFF, 0xC0, 0x38, 0x00, 0x00, 0x01, 0x80, 0x00, 0x00, 0x00, 0x30, 0x00, 0x00,
        0x03, 0x80, 0x00, 0x00, 0x00, 0x30, 0x00, 0x00, 0x07, 0x00, 0x00, 0x00, 0x00, 0x30, 0x00, 0x00,
        0x0E, 0x00, 0x00, 0x00, 0x00, 0x38, 0x00, 0x00, 0x1C, 0x00, 0x00, 0x00, 0x00, 0x1C, 0x00, 0x00,
        0x38, 0x00, 0x00, 0x00, 0x00, 0x0E, 0x00, 0x00, 0x78, 0x00, 0x00, 0x00, 0x00, 0x07, 0x00, 0x00,
        0xF0, 0x03, 0x00, 0x03, 0x00, 0x07, 0x00, 0x00, 0xE0, 0x03, 0x80, 0x07, 0x00, 0x03, 0x80, 0x00,
        0xC0, 0x03, 0x80, 0x07, 0x00, 0x01, 0xC0, 0x00, 0x80, 0x03, 0x80, 0x07, 0x00, 0x00, 0xE0, 0x00,
        0x00, 0x03, 0x98, 0x07, 0x00, 0x00, 0x60, 0x00, 0x00, 0x03, 0xFE, 0x07, 0x00, 0x00, 0x70, 0x00,
        0x00, 0x03, 0xEE, 0x07, 0x00, 0x00, 0x30, 0x00, 0x80, 0x07, 0x86, 0x07, 0x00, 0x00, 0x00, 0x00,
        0x80, 0x0F, 0x07, 0x07, 0x00, 0x00, 0xC0, 0x00, 0x80, 0x1C, 0x0E, 0x02, 0x00, 0x00, 0xE0, 0x00,
        0x00, 0x18, 0x1C, 0x00, 0x00, 0x00, 0xE0, 0x00, 0x00, 0x38, 0x38, 0x03, 0x80, 0x00, 0x40, 0x00,
        0x30, 0x70, 0x70, 0x0F, 0xE0, 0x02, 0x00, 0x00, 0x70, 0x60, 0x60, 0x1C, 0xE0, 0x07, 0x00, 0x00,
        0x60, 0xE0, 0xE0, 0x18, 0x70, 0x07, 0x00, 0x00, 0x60, 0xC0, 0xC0, 0x38, 0x70, 0xFF, 0x00, 0x00,
        0xFF, 0x81, 0xC0, 0x31, 0xFD, 0xFF, 0x00, 0x00, 0x1F, 0x81, 0x80, 0x33, 0xD9, 0xC0, 0x00, 0x00,
        0x03, 0x81, 0x80, 0x18, 0x00, 0xC0, 0x00, 0x00, 0x03, 0x03, 0x00, 0x1C, 0x00, 0xC0, 0x00, 0x00,
        0x03, 0x03, 0x00, 0x0E, 0x00, 0xC0, 0x00, 0x00, 0x03, 0x03, 0x00, 0x07, 0xC0, 0xC0, 0x00, 0x00,
        0x03, 0x02, 0x00, 0x01, 0xE0, 0xC0, 0x00, 0x00, 0x07, 0x00, 0x00, 0x00, 0x41, 0xC0, 0x00, 0x00,
        0x07, 0x00, 0x00, 0x00, 0x01, 0xC0, 0x00, 0x00, 0x07, 0x00, 0x00, 0x00, 0x01, 0x80, 0x00, 0x00,
        0x07, 0x00, 0x00, 0x00, 0x01, 0x80, 0x00, 0x00, 0x03, 0x00, 0x00, 0x00, 0x01, 0x80, 0x00, 0x00,
        0x03, 0x00, 0x00, 0x00, 0x01, 0x80, 0x00, 0x00, 0x03, 0x00, 0x00, 0x00, 0x03, 0x00, 0x00, 0x00,
        0x03, 0x00, 0x00, 0x00, 0x03, 0x00, 0x00, 0x00, 0x03, 0x00, 0x00, 0x00, 0x03, 0x00, 0x00, 0x00,
        0x03, 0x00, 0x00, 0x00, 0x07, 0xC0, 0x00, 0x00, 0x01, 0x80, 0x00, 0x00, 0x07, 0xC0, 0x00, 0x00,
        0x01, 0x80, 0x00, 0x00, 0x0E, 0x00, 0x00, 0x00, 0x01, 0x80, 0x00, 0x00, 0x1C, 0x00, 0x00, 0x00,
        0x01, 0x80, 0x00, 0x00, 0x18, 0xC0, 0x00, 0x00, 0x01, 0x80, 0x00, 0x00, 0x38, 0xE0, 0x00, 0x00,
        0x01, 0x80, 0x7F, 0xC0, 0x7C, 0x00, 0x00, 0x00, 0x01, 0xC7, 0xFF, 0xE0, 0xFF, 0x00, 0x00, 0x00,
        0x00, 0xCF, 0x00, 0x63, 0x83, 0x00, 0x00, 0x00, 0x00, 0xFC, 0x00, 0x7F, 0x00, 0x00, 0x00, 0x00,
        0x00, 0x78, 0x00, 0x3C, 0x00, 0x00, 0x00, 0x00, 0x00, 0x00, 0x00, 0x00, 0x00, 0x00, 0x00, 0x00,
    },
    { /* frame-28 */
        0x00, 0x00, 0x00, 0x00, 0x00, 0x00, 0x00, 0x00, 0x00, 0x00, 0x00, 0x00, 0x00, 0x00, 0x00, 0x00,
        0x00, 0x00, 0x00, 0x00, 0x00, 0x00, 0x00, 0x00, 0x00, 0x00, 0x00, 0x00, 0x00, 0x00, 0x00, 0x00,
        0x00, 0x00, 0x00, 0x00, 0x00, 0x00, 0x00, 0x00, 0x00, 0x00, 0x00, 0x00, 0x00, 0x00, 0x00, 0x00,
        0x00, 0x04, 0x00, 0x00, 0x00, 0x00, 0x00, 0x00, 0x00, 0x1F, 0x00, 0x00, 0x01, 0xE0, 0x00, 0x00,
        0x00, 0x3F, 0x80, 0x00, 0x07, 0xF0, 0x00, 0x00, 0x00, 0x71, 0x80, 0x00, 0x1F, 0x30, 0x00, 0x00,
        0x00, 0xE1, 0xC0, 0x00, 0x3C, 0x30, 0x00, 0x00, 0x00, 0xC0, 0xFF, 0xFF, 0xF0, 0x38, 0x00, 0x00,
        0x01, 0xC0, 0xFF, 0xFF, 0xC0, 0x38, 0x00, 0x00, 0x01, 0x80, 0x00, 0x00, 0x00, 0x30, 0x00, 0x00,
        0x03, 0x80, 0x00, 0x00, 0x00, 0x30, 0x00, 0x00, 0x07, 0x00, 0x00, 0x00, 0x00, 0x30, 0x00, 0x00,
        0x0E, 0x00, 0x00, 0x00, 0x00, 0x38, 0x00, 0x00, 0x1C, 0x00, 0x00, 0x00, 0x00, 0x1C, 0x00, 0x00,
        0x38, 0x00, 0x00, 0x00, 0x00, 0x0E, 0x00, 0x00, 0x78, 0x00, 0x00, 0x00, 0x00, 0x07, 0x00, 0x00,
        0xF0, 0x03, 0x00, 0x03, 0x00, 0x07, 0x00, 0x00, 0xE0, 0x03, 0x80, 0x07, 0x00, 0x03, 0x80, 0x00,
        0xC0, 0x03, 0x80, 0x07, 0x00, 0x01, 0xC0, 0x00, 0x80, 0x03, 0x80, 0x07, 0x00, 0x00, 0xE0, 0x00,
        0x00, 0x03, 0xBC, 0x07, 0x00, 0x00, 0x60, 0x00, 0x00, 0x03, 0xFE, 0x07, 0x00, 0x00, 0x70, 0x00,
        0x00, 0x03, 0xE7, 0x07, 0x00, 0x00, 0x30, 0x00, 0x80, 0x07, 0x83, 0x07, 0x00, 0x00, 0x00, 0x00,
        0x80, 0x0E, 0x03, 0x07, 0x00, 0x00, 0xC0, 0x00, 0x80, 0x1C, 0x0F, 0x02, 0x00, 0x00, 0xE0, 0x00,
        0x00, 0x38, 0x1E, 0x00, 0x00, 0x00, 0xE0, 0x00, 0x00, 0x38, 0x38, 0xFC, 0x00, 0x00, 0x40, 0x00,
        0x30, 0x70, 0x71, 0xFF, 0x00, 0x02, 0x00, 0x00, 0x70, 0xE0, 0x61, 0x83, 0x80, 0x07, 0x00, 0x00,
        0x60, 0xC0, 0xE1, 0x81, 0xC0, 0x07, 0x00, 0x00, 0x61, 0xC0, 0xC1, 0xC1, 0xE0, 0xFF, 0x00, 0x00,
        0xFF, 0x81, 0xC0, 0xE0, 0xF9, 0xFF, 0x00, 0x00, 0x1F, 0x81, 0x80, 0x70, 0x19, 0xC0, 0x00, 0x00,
        0x03, 0x01, 0x80, 0x38, 0x00, 0x80, 0x00, 0x00, 0x03, 0x03, 0x00, 0x1C, 0x00, 0xC0, 0x00, 0x00,
        0x03, 0x03, 0x00, 0x0E, 0x00, 0xC0, 0x00, 0x00, 0x03, 0x03, 0x00, 0x07, 0x80, 0xC0, 0x00, 0x00,
        0x03, 0x02, 0x00, 0x03, 0xE0, 0xC0, 0x00, 0x00, 0x07, 0x00, 0x00, 0x00, 0xC1, 0xC0, 0x00, 0x00,
        0x07, 0x00, 0x00, 0x00, 0x01, 0xC0, 0x00, 0x00, 0x07, 0x00, 0x00, 0x00, 0x01, 0x80, 0x00, 0x00,
        0x07, 0x00, 0x00, 0x00, 0x01, 0x80, 0x00, 0x00, 0x03, 0x00, 0x00, 0x00, 0x01, 0x80, 0x00, 0x00,
        0x03, 0x00, 0x00, 0x00, 0x01, 0x80, 0x00, 0x00, 0x03, 0x00, 0x00, 0x00, 0x03, 0x00, 0x00, 0x00,
        0x03, 0x00, 0x00, 0x00, 0x03, 0x00, 0x00, 0x00, 0x03, 0x00, 0x00, 0x00, 0x03, 0x00, 0x00, 0x00,
        0x03, 0x00, 0x00, 0x00, 0x07, 0xC0, 0x00, 0x00, 0x01, 0x80, 0x00, 0x00, 0x07, 0xC0, 0x00, 0x00,
        0x01, 0x80, 0x00, 0x00, 0x0C, 0x00, 0x00, 0x00, 0x01, 0x80, 0x00, 0x00, 0x1C, 0x00, 0x00, 0x00,
        0x01, 0x80, 0x00, 0x00, 0x18, 0xC0, 0x00, 0x00, 0x01, 0x80, 0x00, 0x00, 0x38, 0xE0, 0x00, 0x00,
        0x01, 0x80, 0x7F, 0xC0, 0x7C, 0x00, 0x00, 0x00, 0x01, 0xC7, 0xFF, 0xE0, 0xFF, 0x00, 0x00, 0x00,
        0x00, 0xCF, 0x00, 0x63, 0x87, 0x00, 0x00, 0x00, 0x00, 0xFC, 0x00, 0x7F, 0x00, 0x00, 0x00, 0x00,
        0x00, 0x78, 0x00, 0x3C, 0x00, 0x00, 0x00, 0x00, 0x00, 0x00, 0x00, 0x00, 0x00, 0x00, 0x00, 0x00,
    },
    { /* frame-29 */
        0x00, 0x00, 0x00, 0x00, 0x00, 0x00, 0x00, 0x00, 0x00, 0x00, 0x00, 0x00, 0x00, 0x00, 0x00, 0x00,
        0x00, 0x00, 0x00, 0x00, 0x00, 0x00, 0x00, 0x00, 0x00, 0x00, 0x00, 0x00, 0x00, 0x00, 0x00, 0x00,
        0x00, 0x07, 0x00, 0x00, 0x00, 0x00, 0x00, 0x00, 0x00, 0x0F, 0x80, 0x00, 0x00, 0x60, 0x00, 0x00,
        0x00, 0x1D, 0xC0, 0x00, 0x01, 0xF8, 0x00, 0x00, 0x00, 0x38, 0xC0, 0x00, 0x07, 0xD8, 0x00, 0x00,
        0x00, 0x30, 0x60, 0x00, 0x1E, 0x1C, 0x00, 0x00, 0x00, 0x70, 0x7F, 0xF0, 0x78, 0x0C, 0x00, 0x00,
        0x00, 0xE0, 0x3F, 0xFF, 0xF0, 0x0C, 0x00, 0x00, 0x00, 0xC0, 0x00, 0x00, 0xC0, 0x1C, 0x00, 0x00,
        0x01, 0xC0, 0x00, 0x00, 0x00, 0x18, 0x00, 0x00, 0x03, 0x80, 0x00, 0x00, 0x00, 0x18, 0x00, 0x00,
        0x07, 0x00, 0x00, 0x00, 0x00, 0x18, 0x00, 0x00, 0x0E, 0x00, 0x00, 0x00, 0x00, 0x1C, 0x00, 0x00,
        0x1C, 0x00, 0x00, 0x00, 0x00, 0x0E, 0x00, 0x00, 0x18, 0x00, 0x00, 0x00, 0x00, 0x06, 0x00, 0x00,
        0x38, 0x01, 0x80, 0x00, 0x00, 0x07, 0x00, 0x00, 0x70, 0x01, 0xC0, 0x03, 0x80, 0x03, 0x80, 0x00,
        0xE0, 0x01, 0xC0, 0x03, 0x80, 0x01, 0xC0, 0x00, 0xC0, 0x03, 0xC0, 0x03, 0x80, 0x00, 0xC0, 0x00,
        0x80, 0x03, 0x80, 0x03, 0x80, 0x00, 0xE0, 0x00, 0x00, 0x03, 0x80, 0x03, 0x80, 0x00, 0x70, 0x00,
        0x00, 0x03, 0xFE, 0x03, 0x80, 0x00, 0x38, 0x00, 0xC0, 0x03, 0xFF, 0x03, 0x80, 0x00, 0x18, 0x00,
        0xC0, 0x03, 0xC3, 0x03, 0x80, 0x00, 0x18, 0x00, 0xC0, 0x07, 0x83, 0x83, 0x80, 0x00, 0x40, 0x00,
        0x80, 0x0E, 0x07, 0x01, 0x00, 0x00, 0x60, 0x00, 0x00, 0x0C, 0x0E, 0x00, 0x00, 0x00, 0x70, 0x00,
        0x18, 0x1C, 0x1C, 0x00, 0x00, 0x00, 0x30, 0x00, 0x38, 0x38, 0x38, 0x0F, 0xC0, 0x00, 0x20, 0x00,
        0x30, 0x30, 0x30, 0x1F, 0xE0, 0x03, 0x80, 0x00, 0x38, 0x70, 0x60, 0x18, 0x60, 0x01, 0x80, 0x00,
        0x3F, 0xE0, 0x60, 0x38, 0x70, 0x7F, 0x80, 0x00, 0x1F, 0xE0, 0xE0, 0x31, 0xFC, 0xFF, 0x80, 0x00,
        0x01, 0xC0, 0xC0, 0x33, 0xF8, 0xFF, 0x00, 0x00, 0x01, 0xC1, 0xC0, 0x39, 0x00, 0xC0, 0x00, 0x00,
        0x01, 0x81, 0x80, 0x1C, 0x00, 0xC0, 0x00, 0x00, 0x01, 0x81, 0x80, 0x0E, 0x00, 0xC0, 0x00, 0x00,
        0x01, 0x03, 0x80, 0x07, 0x80, 0xC0, 0x00, 0x00, 0x01, 0x01, 0x00, 0x03, 0xE0, 0xC0, 0x00, 0x00,
        0x03, 0x00, 0x00, 0x00, 0xE0, 0xC0, 0x00, 0x00, 0x03, 0x00, 0x00, 0x00, 0x00, 0xC0, 0x00, 0x00,
        0x03, 0x00, 0x00, 0x00, 0x00, 0xC0, 0x00, 0x00, 0x03, 0x00, 0x00, 0x00, 0x00, 0xC0, 0x00, 0x00,
        0x03, 0x00, 0x00, 0x00, 0x01, 0xC0, 0x00, 0x00, 0x01, 0x80, 0x00, 0x00, 0x01, 0x80, 0x00, 0x00,
        0x01, 0x80, 0x00, 0x00, 0x01, 0x80, 0x00, 0x00, 0x01, 0x80, 0x00, 0x00, 0x01, 0x80, 0x00, 0x00,
        0x01, 0x80, 0x00, 0x00, 0x03, 0x80, 0x00, 0x00, 0x01, 0x80, 0x00, 0x00, 0x03, 0x00, 0x00, 0x00,
        0x01, 0x80, 0x00, 0x00, 0x07, 0x00, 0x00, 0x00, 0x01, 0x80, 0x00, 0x00, 0x07, 0xFC, 0x00, 0x00,
        0x01, 0x80, 0x00, 0x00, 0x0F, 0xFC, 0x00, 0x00, 0x01, 0x80, 0x00, 0x00, 0x0C, 0x00, 0x00, 0x00,
        0x01, 0x80, 0x07, 0xE0, 0x18, 0x04, 0x00, 0x00, 0x01, 0x80, 0x3F, 0xF0, 0x3C, 0x0F, 0x00, 0x00,
        0x01, 0xC1, 0xF8, 0x38, 0x7F, 0x06, 0x00, 0x00, 0x00, 0xC7, 0xC0, 0x1C, 0xE7, 0xE0, 0x00, 0x00,
        0x00, 0xCF, 0x00, 0x0F, 0xC1, 0xF8, 0x00, 0x00, 0x00, 0xFC, 0x00, 0x07, 0x00, 0x38, 0x00, 0x00,
        0x00, 0x70, 0x00, 0x00, 0x00, 0x00, 0x00, 0x00, 0x00, 0x00, 0x00, 0x00, 0x00, 0x00, 0x00, 0x00,
    },
    { /* frame-30 */
        0x00, 0x00, 0x00, 0x00, 0x00, 0x00, 0x00, 0x00, 0x00, 0x00, 0x00, 0x00, 0x00, 0x00, 0x00, 0x00,
        0x00, 0x00, 0x00, 0x00, 0x00, 0x00, 0x00, 0x00, 0x00, 0x01, 0x80, 0x00, 0x00, 0x00, 0x00, 0x00,
        0x00, 0x07, 0xE0, 0x00, 0x00, 0x00, 0x00, 0x00, 0x00, 0x0E, 0xE0, 0x00, 0x00, 0x78, 0x00, 0x00,
        0x00, 0x1C, 0x70, 0x00, 0x01, 0xFC, 0x00, 0x00, 0x00, 0x38, 0x38, 0x00, 0x07, 0xCC, 0x00, 0x00,
        0x00, 0x30, 0x3F, 0xFE, 0x1F, 0x0E, 0x00, 0x00, 0x00, 0x70, 0x1F, 0xFF, 0xFC, 0x0E, 0x00, 0x00,
        0x00, 0xE0, 0x00, 0x1F, 0xF0, 0x0C, 0x00, 0x00, 0x00, 0xC0, 0x00, 0x00, 0x00, 0x0C, 0x00, 0x00,
        0x01, 0xC0, 0x00, 0x00, 0x00, 0x0C, 0x00, 0x00, 0x03, 0x80, 0x00, 0x00, 0x00, 0x0C, 0x00, 0x00,
        0x07, 0x00, 0x00, 0x00, 0x00, 0x0E, 0x00, 0x00, 0x0E, 0x00, 0x00, 0x00, 0x00, 0x07, 0x00, 0x00,
        0x1C, 0x00, 0x00, 0x00, 0x00, 0x03, 0x00, 0x00, 0x38, 0x00, 0xC0, 0x00, 0x00, 0x03, 0x80, 0x00,
        0x70, 0x00, 0xC0, 0x01, 0xC0, 0x01, 0xC0, 0x00, 0xE0, 0x01, 0xC0, 0x01, 0xC0, 0x00, 0xC0, 0x00,
        0xC0, 0x01, 0xC0, 0x01, 0xC0, 0x00, 0xE0, 0x00, 0x80, 0x01, 0xC0, 0x01, 0xC0, 0x00, 0x70, 0x00,
        0x00, 0x01, 0xC0, 0x01, 0xC0, 0x00, 0x38, 0x00, 0x00, 0x01, 0xFF, 0x01, 0xC0, 0x00, 0x18, 0x00,
        0x60, 0x01, 0xFF, 0x81, 0xC0, 0x00, 0x1C, 0x00, 0xE0, 0x01, 0xE1, 0x81, 0xC0, 0x00, 0x0C, 0x00,
        0xC0, 0x03, 0xC1, 0x81, 0xC0, 0x00, 0x00, 0x00, 0x80, 0x07, 0x03, 0x81, 0x80, 0x00, 0x30, 0x00,
        0x00, 0x0E, 0x07, 0x00, 0x00, 0x00, 0x30, 0x00, 0x18, 0x1C, 0x0E, 0x3C, 0x00, 0x00, 0x38, 0x00,
        0x18, 0x18, 0x1C, 0x7F, 0x00, 0x00, 0x18, 0x00, 0x38, 0x38, 0x38, 0xE3, 0x80, 0x00, 0x00, 0x00,
        0x38, 0x70, 0x30, 0xC1, 0xC0, 0x01, 0xC0, 0x00, 0x3F, 0xE0, 0x70, 0xE0, 0xE0, 0x01, 0xC0, 0x00,
        0x1F, 0xE0, 0x60, 0x70, 0x7C, 0x7F, 0xC0, 0x00, 0x01, 0xC0, 0xE0, 0x30, 0x3E, 0xFF, 0xC0, 0x00,
        0x01, 0xC0, 0xC0, 0x18, 0x00, 0xE0, 0x00, 0x00, 0x01, 0x81, 0xC0, 0x1C, 0x00, 0xC0, 0x00, 0x00,
        0x01, 0x81, 0x80, 0x0F, 0x00, 0xC0, 0x00, 0x00, 0x01, 0x81, 0x80, 0x03, 0xC0, 0xC0, 0x00, 0x00,
        0x01, 0x81, 0x80, 0x01, 0xE0, 0xC0, 0x00, 0x00, 0x01, 0x80, 0x00, 0x00, 0xE0, 0xC0, 0x00, 0x00,
        0x01, 0x80, 0x00, 0x00, 0x00, 0xC0, 0x00, 0x00, 0x01, 0x80, 0x00, 0x00, 0x00, 0xC0, 0x00, 0x00,
        0x01, 0x80, 0x00, 0x00, 0x00, 0xC0, 0x00, 0x00, 0x01, 0x80, 0x00, 0x00, 0x00, 0xC0, 0x00, 0x00,
        0x01, 0x80, 0x00, 0x00, 0x01, 0x80, 0x00, 0x00, 0x01, 0x80, 0x00, 0x00, 0x01, 0x80, 0x00, 0x00,
        0x01, 0x80, 0x00, 0x00, 0x01, 0x80, 0x00, 0x00, 0x01, 0x80, 0x00, 0x00, 0x01, 0x80, 0x00, 0x00,
        0x01, 0xC0, 0x00, 0x00, 0x01, 0x80, 0x00, 0x00, 0x00, 0xC0, 0x00, 0x00, 0x03, 0x00, 0x00, 0x00,
        0x00, 0xC0, 0x00, 0x00, 0x03, 0x80, 0x00, 0x00, 0x01, 0xC0, 0x00, 0x00, 0x03, 0xF0, 0x00, 0x00,
        0x01, 0x80, 0x00, 0x00, 0x03, 0xFF, 0xC0, 0x00, 0x01, 0x80, 0x00, 0x00, 0x07, 0x1F, 0xC0, 0x00,
        0x01, 0xC0, 0x07, 0xFE, 0x06, 0x00, 0x00, 0x00, 0x01, 0x80, 0x7F, 0xFF, 0x87, 0x00, 0x60, 0x00,
        0x00, 0xC1, 0xF8, 0x01, 0xDF, 0xC0, 0xE0, 0x00, 0x00, 0xC7, 0xC0, 0x00, 0xFD, 0xF0, 0x00, 0x00,
        0x00, 0xCF, 0x00, 0x00, 0x00, 0x7F, 0x80, 0x00, 0x00, 0xFC, 0x00, 0x00, 0x00, 0x0F, 0x80, 0x00,
        0x00, 0x78, 0x00, 0x00, 0x00, 0x00, 0x00, 0x00, 0x00, 0x00, 0x00, 0x00, 0x00, 0x00, 0x00, 0x00,
    },
};

#endif /* INTEGRATED_42688_ENCODER_STARTUP_CAT_H_ */
